Station Code,GAW ID,WDCGG ID,WIGOS ID,Station Name,Latitude,Longitude,Elevation,WMO Region,Country/Territory,Country Code,Gaw Category,Station Type,Contributor,Gas Species,Platform,Sampling Type,Buffer Code,Buffer,Start,End,Measurement Status,Scientific Aim,Unit,Time Zone,Scale
4001,ALT,ALT4001,0-20008-0-ALT,Alert ,82.49914551,-62.34152603,185,REGION IV (North and Central America),CANADA,CA,GAW Global,fixed station,NOAA,co2,surface,flask,3001,ccgg,1985-06-01T00:00:00,2023-12-27T15:23:00,Operational/Reporting,Background observation,ppm,UTC,WMO CO2 X2019
4001,ALT,ALT4001,0-20008-0-ALT,Alert ,82.49914551,-62.34152603,185,REGION IV (North and Central America),CANADA,CA,GAW Global,fixed station,CSIRO,co2,surface,flask,9999,data1,1991-04-23T13:46:00,2023-12-20T19:36:00,Operational/Reporting,Background observation,ppm,UTC,WMO CO2 X2019
4001,ALT,ALT4001,0-20008-0-ALT,Alert ,82.49914551,-62.34152603,185,REGION IV (North and Central America),CANADA,CA,GAW Global,fixed station,ECCC,co2,surface,insitu,9999,data1,1988-01-01T00:00:00,2023-12-31T23:00:00,Operational/Reporting,Background observation,ppm,UTC,WMO CO2 X2019
4001,ALT,ALT4001,0-20008-0-ALT,Alert ,82.49914551,-62.34152603,185,REGION IV (North and Central America),CANADA,CA,GAW Global,fixed station,ECCC,co2,surface,flask,9999,data1,1975-07-08T18:20:00,2018-01-03T14:57:00,Operational/Reporting,Background observation,ppm,UTC,WMO CO2 X2019
6001,ZEP,ZEP6001,0-20008-0-ZEP,Zeppelin Mountain (Ny Ålesund) ,78.906688,11.889342,475,REGION VI (Europe),NORWAY,,GAW Global,fixed station,NOAA,co2,surface,flask,3001,ccgg,1994-02-01T00:00:00,2023-12-28T08:14:00,Operational/Reporting,Background observation,ppm,UTC,WMO CO2 X2019
6001,ZEP,ZEP6001,0-20008-0-ZEP,Zeppelin Mountain (Ny Ålesund) ,78.906688,11.889342,475,REGION VI (Europe),NORWAY,,GAW Global,fixed station,ITM,co2,surface,insitu,9999,data1,1988-10-01T00:00:00,2012-12-31T23:00:00,Temporarily suspended,Background observation,ppm,UTC,WMO CO2 X2007
6001,ZEP,ZEP6001,0-20008-0-ZEP,Zeppelin Mountain (Ny Ålesund) ,78.906688,11.889342,475,REGION VI (Europe),NORWAY,,GAW Global,fixed station,NILU,co2,surface,insitu,9999,data1,2012-01-01T00:00:00,2022-12-31T23:00:00,Operational/Reporting,Background observation,ppm,UTC,WMO CO2 X2019 / WMO CO2 X2007
4002,MBC,MBC4002,0-20008-0-MBC,Mould Bay ,76.25,-119.3499985,58,REGION IV (North and Central America),CANADA,CA,GAW Regional,fixed station,NOAA,co2,surface,flask,3001,ccgg,1980-04-01T00:00:00,1997-05-26T20:20:00,Operational/Reporting,Background observation,ppm,UTC,WMO CO2 X2019
2001,KOT,KOT2001,0-20008-0-KOT,Kotelnyj Island ,76,137.8699951,5,REGION II (Asia),RUSSIAN FEDERATION,RU,GAW Regional,fixed station,MGO,co2,surface,flask,9999,data1,1986-06-01T00:00:00,1993-10-20T00:00:00,Temporarily suspended,Background observation,ppm,UTC+09:00,WMO CO2 X1987
6002,SUM,SUM6002,0-20008-0-SUM,Summit ,72.58000183,-38.47999954,3238,REGION VI (Europe),DENMARK,,GAW Regional,fixed station,NOAA,co2,surface,flask,3001,ccgg,1997-06-01T00:00:00,2023-12-26T17:58:00,Operational/Reporting,Background observation,ppm,UTC,WMO CO2 X2019
2002,TIK,TIK2002,0-20008-0-TIK,Tiksi ,71.58616638,128.9188232,8,REGION II (Asia),RUSSIAN FEDERATION,RU,GAW Regional,fixed station,NOAA,co2,surface,flask,3001,ccgg,2011-08-01T00:00:00,2018-09-03T07:20:00,Operational/Reporting,Background observation,ppm,UTC,WMO CO2 X2019
2002,TIK,TIK2002,0-20008-0-TIK,Tiksi ,71.58616638,128.9188232,8,REGION II (Asia),RUSSIAN FEDERATION,RU,GAW Regional,fixed station,FMI,co2,surface,insitu,9999,data1,2013-07-01T00:00:00,2022-04-09T23:00:00,Temporarily suspended,Background observation,ppm,UTC+09:00,WMO CO2 X2019
2002,TIK,TIK2002,0-20008-0-TIK,Tiksi ,71.58616638,128.9188232,8,REGION II (Asia),RUSSIAN FEDERATION,RU,GAW Regional,fixed station,MGO,co2,surface,flask,9999,data1,2011-01-01T00:00:00,2018-12-26T15:00:00,Temporarily suspended,Background observation,ppm,UTC+09:00,WMO CO2 X2007
4003,BRW,BRW4003,0-20008-0-BRW,Barrow (AK) ,71.32301331,-156.6114655,11,REGION IV (North and Central America),UNITED STATES,US,GAW Global,fixed station,NOAA,co2,surface,insitu,3001,ccgg,1973-07-24T00:00:00,2024-04-30T00:00:00,Operational/Reporting,Background observation,ppm,UTC,WMO CO2 X2019
4003,BRW,BRW4003,0-20008-0-BRW,Barrow (AK) ,71.32301331,-156.6114655,11,REGION IV (North and Central America),UNITED STATES,US,GAW Global,fixed station,NOAA,co2,surface,flask,3001,ccgg,1971-04-25T20:18:00,2023-12-27T23:46:00,Operational/Reporting,Background observation,ppm,UTC,WMO CO2 X2019
6003,TER,TER6003,0-20008-0-TER,Teriberka ,69.19999695,35.09999847,40,REGION VI (Europe),RUSSIAN FEDERATION,RU,GAW Regional,fixed station,MGO,co2,surface,flask,9999,data1,1988-04-01T00:00:00,2023-12-26T13:00:00,Operational/Reporting,Background observation,ppm,UTC+03:00,WMO CO2 X2019
4165,CBY,CBY4165,0-20008-0-CBY,Cambridge Bay ,69.1284,-105.0577,25,REGION IV (North and Central America),CANADA,CA,GAW Regional,fixed station,ECCC,co2,surface,insitu,9999,data1,2012-12-01T00:00:00,2021-01-25T05:00:00,Operational/Reporting,Background observation,ppm,UTC,WMO CO2 X2019
4176,INU,INU4176,0-20008-0-INU,Inuvik ,68.317817,-133.534232,107,REGION IV (North and Central America),CANADA,CA,GAW Regional,fixed station,ECCC,co2,surface,insitu,9999,data1,2012-02-01T00:00:00,2023-12-31T23:00:00,Operational/Reporting,Background observation,ppm,UTC,WMO CO2 X2019
6004,PAL,PAL6004,0-20008-0-PAL,Pallas ,67.97360992,24.11583328,560,REGION VI (Europe),FINLAND,FI,GAW Global,fixed station,NOAA,co2,surface,flask,3001,ccgg,2001-12-01T00:00:00,2023-12-13T09:10:00,Operational/Reporting,Background observation,ppm,UTC,WMO CO2 X2019
6004,PAL,PAL6004,0-20008-0-PAL,Pallas ,67.97360992,24.11583328,560,REGION VI (Europe),FINLAND,FI,GAW Global,fixed station,FMI,co2,surface,insitu,9999,data1,1998-07-01T00:00:00,2023-12-31T23:00:00,Operational/Reporting,Background observation,ppm,UTC+02:00,WMO CO2 X2019
6006,STM,STM6006,0-20008-0-STM,Ocean Station M ,66,2,4,REGION VI (Europe),NORWAY,,GAW Regional,fixed station,NOAA,co2,surface,flask,3001,ccgg,1981-03-01T00:00:00,2009-11-27T13:05:00,Operational/Reporting,Background observation,ppm,UTC,WMO CO2 X2019
6007,ICE,ICE6007,0-20008-0-ICE,Storhofdi ,63.40000153,-20.28333282,118,REGION VI (Europe),ICELAND,,GAW Regional,fixed station,NOAA,co2,surface,flask,3001,ccgg,1992-10-01T00:00:00,2023-12-19T18:15:00,Operational/Reporting,Background observation,ppm,UTC,WMO CO2 X2019
4129,BCK,BCK4129,0-20008-0-BCK,Behchoko ,62.797934,-115.918255,184,REGION IV (North and Central America),CANADA,CA,GAW Regional,fixed station,ECCC,co2,surface,insitu,9999,data1,2010-10-01T00:00:00,2023-08-21T05:00:00,Operational/Reporting,Background observation,ppm,UTC,WMO CO2 X2019
6008,SIS,SIS6008,0-20008-0-SIS,Lerwick ,60.13333511,-1.183333278,84,REGION VI (Europe),UNITED KINGDOM,GB,GAW Regional,fixed station,CSIRO,co2,surface,flask,9999,data1,1992-11-01T00:00:00,2004-01-10T13:35:00,Operational/Reporting,Background observation,ppm,UTC,WMO CO2 X2019
4004,CHL,CHL4004,0-20008-0-CHL,Churchill ,58.737902,-93.820581,16,REGION IV (North and Central America),CANADA,CA,GAW Regional,fixed station,ECCC,co2,surface,insitu,9999,data1,2011-10-01T00:00:00,2021-04-13T23:00:00,Operational/Reporting,Background observation,ppm,UTC,WMO CO2 X2019
4004,CHL,CHL4004,0-20008-0-CHL,Churchill ,58.737902,-93.820581,16,REGION IV (North and Central America),CANADA,CA,GAW Regional,fixed station,ECCC,co2,surface,flask,9999,data1,2007-04-29T02:02:00,2018-03-03T21:00:00,Operational/Reporting,Background observation,ppm,UTC,WMO CO2 X2019
6009,BAL,BAL6009,0-20008-0-BAL,Baltic Sea ,55.5,16.67000008,7,REGION VI (Europe),POLAND,,GAW Regional,fixed station,NOAA,co2,surface,flask,3001,ccgg,1992-08-31T12:36:00,2011-06-22T13:00:00,Operational/Reporting,Background observation,ppm,UTC,WMO CO2 X2019
4005,CBA,CBA4005,0-20008-0-CBA,Cold Bay (AK) ,55.20000076,-162.7166595,25,REGION IV (North and Central America),UNITED STATES,US,GAW Regional,fixed station,NOAA,co2,surface,flask,3001,ccgg,1978-08-21T22:40:00,2023-12-21T19:52:00,Operational/Reporting,Background observation,ppm,UTC,WMO CO2 X2019
2003,BER,BER2003,0-20008-0-BER,Bering Island ,55.20000076,165.9799957,13,REGION II (Asia),RUSSIAN FEDERATION,RU,GAW Regional,fixed station,MGO,co2,surface,flask,9999,data1,1986-07-01T00:00:00,1994-01-21T00:00:00,Temporarily suspended,Background observation,ppm,UTC+12:00,WMO CO2 X1987
4006,LLB,LLB4006,0-20008-0-LLB,Lac La Biche (Alberta) ,54.953809,-112.466649,548,REGION IV (North and Central America),CANADA,CA,GAW Regional,fixed station,NOAA,co2,surface,flask,3001,ccgg,2008-01-30T18:43:00,2013-02-26T19:39:00,Operational/Reporting,Background observation,ppm,UTC,WMO CO2 X2019
4006,LLB,LLB4006,0-20008-0-LLB,Lac La Biche (Alberta) ,54.953809,-112.466649,548,REGION IV (North and Central America),CANADA,CA,GAW Regional,fixed station,ECCC,co2,surface,insitu,9999,data1,2007-04-01T00:00:00,2023-12-31T00:00:00,Operational/Reporting,Background observation,ppm,UTC,WMO CO2 X2019
6010,WES,WES6010,0-20008-0-WES,Westerland ,54.923142,8.308017,12,REGION VI (Europe),GERMANY,DE,GAW Contributing networks,fixed station,UBAG,co2,surface,insitu,9998,data2,2021-07-01T00:00:00,2024-03-31T23:00:00,Operational/Reporting,Background observation,ppm,UTC,WMO CO2 X2019
6010,WES,WES6010,0-20008-0-WES,Westerland ,54.923142,8.308017,12,REGION VI (Europe),GERMANY,DE,GAW Contributing networks,fixed station,UBAG,co2,surface,insitu,9999,data1,1972-01-01T00:00:00,2013-12-31T23:00:00,Temporarily suspended,Background observation,ppm,UTC+01:00,Unknown
6011,ZGT,ZGT6011,0-20008-0-ZGT,Zingst ,54.436637,12.724917,1,REGION VI (Europe),GERMANY,DE,GAW Other elements,fixed station,UBAG,co2,surface,insitu,9999,data1,1994-01-01T00:00:00,2003-12-31T23:00:00,Temporarily suspended,Unknown,ppm,UTC+01:00,
6293,BSD,BSD6293,0-20008-0-BSD,Bilsdale ,54.359,-1.15,380,REGION VI (Europe),UNITED KINGDOM,GB,GAW Regional,fixed station,UNIVBRIS,co2,tower,insitu,6043,tower42,2014-01-01T00:00:00,2021-08-09T23:00:00,Operational/Reporting,Background observation,ppm,UTC,WMO CO2 X2019
6293,BSD,BSD6293,0-20008-0-BSD,Bilsdale ,54.359,-1.15,380,REGION VI (Europe),UNITED KINGDOM,GB,GAW Regional,fixed station,UNIVBRIS,co2,tower,insitu,6109,tower108,2014-01-01T00:00:00,2021-08-10T12:00:00,Operational/Reporting,Background observation,ppm,UTC,WMO CO2 X2019
6293,BSD,BSD6293,0-20008-0-BSD,Bilsdale ,54.359,-1.15,380,REGION VI (Europe),UNITED KINGDOM,GB,GAW Regional,fixed station,UNIVBRIS,co2,tower,insitu,6249,tower248,2014-01-01T00:00:00,2021-08-10T12:00:00,Operational/Reporting,Background observation,ppm,UTC,WMO CO2 X2019
4007,ETL,ETL4007,0-20008-0-ETL,East Trout Lake ,54.353743,-104.986864,500,REGION IV (North and Central America),CANADA,CA,GAW Regional,fixed station,ECCC,co2,surface,insitu,9999,data1,2005-08-01T00:00:00,2023-12-31T23:00:00,Operational/Reporting,Background observation,ppm,UTC,WMO CO2 X2019
6415,HEL,HEL6415,0-276-0-HEL,Helgoland ,54.1804,7.8832,43,REGION VI (Europe),GERMANY,DE,GAW Regional,fixed station,DWD,co2,surface,insitu,9999,data1,2020-08-01T00:00:00,2024-08-13T00:00:00,Operational/Reporting,Background observation,ppm,UTC,WMO CO2 X2019
6012,DIG,DIG6012,0-20008-0-DIG,Diabla Gora / Puszcza Borecka ,54.15000153,22.06666756,157,REGION VI (Europe),POLAND,,GAW Regional,fixed station,IOEP,co2,surface,insitu,9999,data1,2002-01-01T00:00:00,2024-08-31T23:00:00,Operational/Reporting,Background observation,ppm,UTC,
6013,STC,STC6013,0-20008-0-STC,Ocean Station Charlie ,54,-35,0,REGION VI (Europe),UNITED STATES,US,GAW Regional,fixed station,NOAA,co2,surface,flask,3001,ccgg,1968-11-01T00:00:00,1973-05-12T15:40:00,Operational/Reporting,Background observation,ppm,UTC,WMO CO2 X2019
6013,STC,STC6013,0-20008-0-STC,Ocean Station Charlie ,54,-35,0,REGION VI (Europe),UNITED STATES,US,GAW Regional,fixed station,MGO,co2,surface,flask,9999,data1,1986-01-01T00:00:00,1990-10-12T00:00:00,Temporarily suspended,Background observation,ppm,UTC-02:00,WMO CO2 X1987
4008,CDL,CDL4008,0-20008-0-CDL,Candle Lake ,53.987108,-105.117939,591,REGION IV (North and Central America),CANADA,CA,GAW Regional,fixed station,ECCC,co2,surface,insitu,9999,data1,2002-08-01T00:00:00,2011-01-01T00:00:00,Terminated,Background observation,ppm,UTC,WMO CO2 X2019
6015,KMW,KMW6015,0-20008-0-KMW,Kollumerwaard ,53.33333206,6.266666889,0,REGION VI (Europe),NETHERLANDS,,GAW Regional,fixed station,RIVM,co2,surface,insitu,9999,data1,1991-07-01T00:00:00,2010-12-31T23:00:00,Temporarily suspended,Background observation,ppm,UTC+01:00,NIST
6016,MHD,MHD6016,0-20008-0-MHD,Mace Head ,53.326614,-9.904419,8.4,REGION VI (Europe),IRELAND,,GAW Global,fixed station,NOAA,co2,surface,flask,3001,ccgg,1991-06-01T00:00:00,2023-12-28T10:50:00,Operational/Reporting,Background observation,ppm,UTC,WMO CO2 X2019
6016,MHD,MHD6016,0-20008-0-MHD,Mace Head ,53.326614,-9.904419,8.4,REGION VI (Europe),IRELAND,,GAW Global,fixed station,LSCE,co2,surface,insitu,9998,data2,2010-01-07T18:00:00,2015-01-31T23:00:00,Temporarily suspended,Background observation,ppm,UTC+01:00,WMO CO2 X2007
6016,MHD,MHD6016,0-20008-0-MHD,Mace Head ,53.326614,-9.904419,8.4,REGION VI (Europe),IRELAND,,GAW Global,fixed station,LSCE,co2,surface,insitu,9999,data1,1992-01-01T00:00:00,2011-12-31T23:00:00,Temporarily suspended,Background observation,ppm,UTC,WMO CO2 X1993
6017,NGL,NGL6017,0-20008-0-NGL,Neuglobsow ,53.14277649,13.03333378,62,REGION VI (Europe),GERMANY,DE,GAW Regional,fixed station,UBAG,co2,surface,insitu,9999,data1,1994-01-01T00:00:00,2013-12-31T23:00:00,Temporarily suspended,Background observation,ppm,UTC+01:00,
6058,GAT,GAT6058,0-20008-0-GAT,Gartow ,53.065514,11.442733,69,REGION VI (Europe),GERMANY,DE,GAW Regional,fixed station,DWD,co2,tower,insitu,6031,tower30,2016-05-01T00:00:00,2024-08-12T00:00:00,Operational/Reporting,Background observation,ppm,UTC,WMO CO2 X2019
6058,GAT,GAT6058,0-20008-0-GAT,Gartow ,53.065514,11.442733,69,REGION VI (Europe),GERMANY,DE,GAW Regional,fixed station,DWD,co2,tower,insitu,6061,tower60,2016-05-01T00:00:00,2024-08-12T00:00:00,Operational/Reporting,Background observation,ppm,UTC,WMO CO2 X2019
6058,GAT,GAT6058,0-20008-0-GAT,Gartow ,53.065514,11.442733,69,REGION VI (Europe),GERMANY,DE,GAW Regional,fixed station,DWD,co2,tower,insitu,6133,tower132,2016-05-01T00:00:00,2024-08-12T00:00:00,Operational/Reporting,Background observation,ppm,UTC,WMO CO2 X2019
6058,GAT,GAT6058,0-20008-0-GAT,Gartow ,53.065514,11.442733,69,REGION VI (Europe),GERMANY,DE,GAW Regional,fixed station,DWD,co2,tower,insitu,6217,tower216,2016-05-01T00:00:00,2024-08-12T00:00:00,Operational/Reporting,Background observation,ppm,UTC,WMO CO2 X2019
6058,GAT,GAT6058,0-20008-0-GAT,Gartow ,53.065514,11.442733,69,REGION VI (Europe),GERMANY,DE,GAW Regional,fixed station,DWD,co2,tower,insitu,6342,tower341,2016-05-01T00:00:00,2024-08-12T00:00:00,Operational/Reporting,Background observation,ppm,UTC,WMO CO2 X2019
6422,STE,STE6422,0-20008-0-STE,Steinkimmen ,53.043081,8.458761,29,REGION VI (Europe),GERMANY,DE,GAW Regional,fixed station,DWD,co2,tower,insitu,6033,tower32,2019-07-01T00:00:00,2024-03-31T23:00:00,Operational/Reporting,Background observation,ppm,UTC,WMO CO2 X2019
6422,STE,STE6422,0-20008-0-STE,Steinkimmen ,53.043081,8.458761,29,REGION VI (Europe),GERMANY,DE,GAW Regional,fixed station,DWD,co2,tower,insitu,6083,tower82,2019-07-01T00:00:00,2024-03-31T23:00:00,Operational/Reporting,Background observation,ppm,UTC,WMO CO2 X2019
6422,STE,STE6422,0-20008-0-STE,Steinkimmen ,53.043081,8.458761,29,REGION VI (Europe),GERMANY,DE,GAW Regional,fixed station,DWD,co2,tower,insitu,6128,tower127,2019-07-01T00:00:00,2024-03-31T23:00:00,Operational/Reporting,Background observation,ppm,UTC,WMO CO2 X2019
6422,STE,STE6422,0-20008-0-STE,Steinkimmen ,53.043081,8.458761,29,REGION VI (Europe),GERMANY,DE,GAW Regional,fixed station,DWD,co2,tower,insitu,6188,tower187,2019-07-01T00:00:00,2024-03-31T23:00:00,Operational/Reporting,Background observation,ppm,UTC,WMO CO2 X2019
6422,STE,STE6422,0-20008-0-STE,Steinkimmen ,53.043081,8.458761,29,REGION VI (Europe),GERMANY,DE,GAW Regional,fixed station,DWD,co2,tower,insitu,6253,tower252,2019-07-01T00:00:00,2024-03-31T23:00:00,Operational/Reporting,Background observation,ppm,UTC,WMO CO2 X2019
6018,WAL,WAL6018,0-20008-0-WAL,Waldhof-Langenbrügge ,52.800867,10.75623,74,REGION VI (Europe),GERMANY,DE,GAW Other elements,fixed station,UBAG,co2,surface,insitu,9999,data1,1972-01-01T00:00:00,2003-12-31T23:00:00,Temporarily suspended,Background observation,ppm,UTC+01:00,
4009,SHM,SHM4009,0-20008-0-SHM,Shemya Island ,52.72000122,174.1000061,40,REGION IV (North and Central America),UNITED STATES,US,GAW Regional,fixed station,NOAA,co2,surface,flask,3001,ccgg,1985-09-01T00:00:00,2023-11-05T13:20:00,Operational/Reporting,Background observation,ppm,UTC,WMO CO2 X2019
6019,TAC,TAC6019,0-20008-0-TAC,Tacolneston Tall Tower ,52.5177,1.1386,56,REGION VI (Europe),UNITED KINGDOM,GB,GAW Regional,fixed station,NOAA,co2,surface,flask,3001,ccgg,2014-06-06T10:55:00,2016-01-04T11:05:00,Operational/Reporting,Background observation,ppm,UTC,WMO CO2 X2019
6019,TAC,TAC6019,0-20008-0-TAC,Tacolneston Tall Tower ,52.5177,1.1386,56,REGION VI (Europe),UNITED KINGDOM,GB,GAW Regional,fixed station,UNIVBRIS,co2,tower,insitu,6055,tower54,2012-07-01T00:00:00,2024-03-31T23:00:00,Operational/Reporting,Background observation,ppm,UTC,WMO CO2 X2019
6019,TAC,TAC6019,0-20008-0-TAC,Tacolneston Tall Tower ,52.5177,1.1386,56,REGION VI (Europe),UNITED KINGDOM,GB,GAW Regional,fixed station,UNIVBRIS,co2,tower,insitu,6101,tower100,2012-07-01T00:00:00,2024-03-31T23:00:00,Operational/Reporting,Background observation,ppm,UTC,WMO CO2 X2019
6019,TAC,TAC6019,0-20008-0-TAC,Tacolneston Tall Tower ,52.5177,1.1386,56,REGION VI (Europe),UNITED KINGDOM,GB,GAW Regional,fixed station,UNIVBRIS,co2,tower,insitu,6186,tower185,2013-01-01T00:00:00,2024-03-31T23:00:00,Operational/Reporting,Background observation,ppm,UTC,WMO CO2 X2019
6057,LIN,LIN6057,0-20008-0-LIN,Lindenberg ,52.21666718,14.11666679,112,REGION VI (Europe),GERMANY,DE,GAW Contributing networks,fixed station,DWD,co2,tower,insitu,6003,tower2,2015-10-01T00:00:00,2024-03-31T23:00:00,Operational/Reporting,Background observation,ppm,UTC,WMO CO2 X2019
6057,LIN,LIN6057,0-20008-0-LIN,Lindenberg ,52.21666718,14.11666679,112,REGION VI (Europe),GERMANY,DE,GAW Contributing networks,fixed station,DWD,co2,tower,insitu,6011,tower10,2015-10-01T00:00:00,2024-03-31T23:00:00,Operational/Reporting,Background observation,ppm,UTC,WMO CO2 X2019
6057,LIN,LIN6057,0-20008-0-LIN,Lindenberg ,52.21666718,14.11666679,112,REGION VI (Europe),GERMANY,DE,GAW Contributing networks,fixed station,DWD,co2,tower,insitu,6041,tower40,2015-10-01T00:00:00,2024-03-31T23:00:00,Operational/Reporting,Background observation,ppm,UTC,WMO CO2 X2019
6057,LIN,LIN6057,0-20008-0-LIN,Lindenberg ,52.21666718,14.11666679,112,REGION VI (Europe),GERMANY,DE,GAW Contributing networks,fixed station,DWD,co2,tower,insitu,6099,tower98,2015-10-01T00:00:00,2024-03-31T23:00:00,Operational/Reporting,Background observation,ppm,UTC,WMO CO2 X2019
6020,RGL,RGL6020,0-20008-0-RGL,Ridge Hill ,51.99755859,-2.540030003,204,REGION VI (Europe),UNITED KINGDOM,GB,GAW Regional,fixed station,UNIVBRIS,co2,tower,insitu,6046,tower45,2012-02-01T00:00:00,2024-03-31T23:00:00,Operational/Reporting,Background observation,ppm,UTC,WMO CO2 X2019
6020,RGL,RGL6020,0-20008-0-RGL,Ridge Hill ,51.99755859,-2.540030003,204,REGION VI (Europe),UNITED KINGDOM,GB,GAW Regional,fixed station,UNIVBRIS,co2,tower,insitu,6091,tower90,2012-02-01T00:00:00,2024-03-31T23:00:00,Operational/Reporting,Background observation,ppm,UTC,WMO CO2 X2019
6064,TOH,TOH6064,0-20008-0-TOH,Torfhaus ,51.808844,10.53495,801,REGION VI (Europe),GERMANY,DE,GAW Regional,fixed station,DWD,co2,tower,insitu,6011,tower10,2017-12-01T00:00:00,2024-03-31T23:00:00,Operational/Reporting,Background observation,ppm,UTC,WMO CO2 X2019
6064,TOH,TOH6064,0-20008-0-TOH,Torfhaus ,51.808844,10.53495,801,REGION VI (Europe),GERMANY,DE,GAW Regional,fixed station,DWD,co2,tower,insitu,6077,tower76,2017-12-01T00:00:00,2024-03-31T23:00:00,Operational/Reporting,Background observation,ppm,UTC,WMO CO2 X2019
6064,TOH,TOH6064,0-20008-0-TOH,Torfhaus ,51.808844,10.53495,801,REGION VI (Europe),GERMANY,DE,GAW Regional,fixed station,DWD,co2,tower,insitu,6111,tower110,2017-12-01T00:00:00,2024-03-31T23:00:00,Operational/Reporting,Background observation,ppm,UTC,WMO CO2 X2019
6064,TOH,TOH6064,0-20008-0-TOH,Torfhaus ,51.808844,10.53495,801,REGION VI (Europe),GERMANY,DE,GAW Regional,fixed station,DWD,co2,tower,insitu,6148,tower147,2017-12-01T00:00:00,2024-03-31T23:00:00,Operational/Reporting,Background observation,ppm,UTC,WMO CO2 X2019
4178,EST,EST4178,0-20008-0-EST,Esther ,51.67055,-110.206325,707,REGION IV (North and Central America),CANADA,CA,GAW Regional,fixed station,ECCC,co2,surface,insitu,9999,data1,2010-01-01T00:00:00,2023-12-31T23:00:00,Operational/Reporting,Background observation,ppm,UTC,WMO CO2 X2019
6419,HFD,HFD6419,0-20008-0-HFD,Heathfield ,50.976667,0.230556,160,REGION VI (Europe),UNITED KINGDOM,GB,GAW Regional,fixed station,NPL,co2,tower,insitu,6051,tower50,2014-03-01T00:00:00,2024-03-31T23:00:00,Operational/Reporting,Air Pollution monitoring,ppm,UTC,WMO CO2 X2019
6419,HFD,HFD6419,0-20008-0-HFD,Heathfield ,50.976667,0.230556,160,REGION VI (Europe),UNITED KINGDOM,GB,GAW Regional,fixed station,NPL,co2,tower,insitu,6101,tower100,2014-03-01T00:00:00,2024-03-31T23:00:00,Operational/Reporting,Air Pollution monitoring,ppm,UTC,WMO CO2 X2019
6421,JUE,JUE6421,0-20008-0-JUE,Jülich ,50.910197,6.409614,98,REGION VI (Europe),GERMANY,DE,GAW Regional,fixed station,DWD,co2,tower,insitu,6051,tower50,2019-10-01T00:00:00,2024-08-13T00:00:00,Operational/Reporting,Background observation,ppm,UTC,WMO CO2 X2019
6421,JUE,JUE6421,0-20008-0-JUE,Jülich ,50.910197,6.409614,98,REGION VI (Europe),GERMANY,DE,GAW Regional,fixed station,DWD,co2,tower,insitu,6081,tower80,2019-10-01T00:00:00,2024-08-13T00:00:00,Operational/Reporting,Background observation,ppm,UTC,WMO CO2 X2019
6421,JUE,JUE6421,0-20008-0-JUE,Jülich ,50.910197,6.409614,98,REGION VI (Europe),GERMANY,DE,GAW Regional,fixed station,DWD,co2,tower,insitu,6121,tower120,2019-10-01T00:00:00,2024-08-13T00:00:00,Operational/Reporting,Background observation,ppm,UTC,WMO CO2 X2019
4218,BRA,BRA4218,0-20008-0-BRA,Bratt's Lake ,50.201631,-104.711259,580,REGION IV (North and Central America),CANADA,CA,GAW Regional,fixed station,ECCC,co2,surface,insitu,9999,data1,2009-10-01T00:00:00,2023-12-31T23:00:00,Operational/Reporting,Background observation,ppm,UTC,WMO CO2 X2019
6022,OXK,OXK6022,0-20008-0-OXK,Ochsenkopf ,50.0301,11.8084,1185,REGION VI (Europe),GERMANY,DE,GAW Contributing networks,fixed station,NOAA,co2,surface,flask,3001,ccgg,2003-03-13T13:01:00,2023-12-28T08:15:00,Operational/Reporting,Background observation,ppm,UTC,WMO CO2 X2019
6022,OXK,OXK6022,0-20008-0-OXK,Ochsenkopf ,50.0301,11.8084,1185,REGION VI (Europe),GERMANY,DE,GAW Contributing networks,fixed station,DWD,co2,tower,insitu,6024,tower23,2019-07-01T00:00:00,2024-03-31T23:00:00,Operational/Reporting,Background observation,ppm,UTC,WMO CO2 X2019
6022,OXK,OXK6022,0-20008-0-OXK,Ochsenkopf ,50.0301,11.8084,1185,REGION VI (Europe),GERMANY,DE,GAW Contributing networks,fixed station,DWD,co2,tower,insitu,6091,tower90,2019-07-01T00:00:00,2024-03-31T23:00:00,Operational/Reporting,Background observation,ppm,UTC,WMO CO2 X2019
6022,OXK,OXK6022,0-20008-0-OXK,Ochsenkopf ,50.0301,11.8084,1185,REGION VI (Europe),GERMANY,DE,GAW Contributing networks,fixed station,DWD,co2,tower,insitu,6164,tower163,2019-09-01T00:00:00,2024-03-31T23:00:00,Operational/Reporting,Background observation,ppm,UTC,WMO CO2 X2019
4011,FSD,FSD4011,0-20008-0-FSD,Fraserdale ,49.84000015,-81.51667023,210,REGION IV (North and Central America),CANADA,CA,GAW Regional,fixed station,ECCC,co2,surface,insitu,9999,data1,1990-02-01T00:00:00,2023-12-31T23:00:00,Operational/Reporting,Background observation,ppm,UTC,WMO CO2 X2019
4245,CPS,CPS4245,0-20008-0-CPS,Chapais ,49.821583,-74.974551,383,REGION IV (North and Central America),CANADA,CA,GAW Regional,fixed station,ECCC,co2,surface,insitu,9999,data1,2011-12-01T00:00:00,2023-12-31T23:00:00,Operational/Reporting,Background observation,ppm,UTC,WMO CO2 X2019
6023,DEU,DEU6023,0-20008-0-DEU,Deuselbach ,49.76666641,7.050000191,480,REGION VI (Europe),GERMANY,DE,GAW Other elements,fixed station,UBAG,co2,surface,insitu,9999,data1,1972-01-01T00:00:00,2004-12-31T23:00:00,Temporarily suspended,Unknown,ppm,UTC+01:00,
4012,CHM,CHM4012,0-20008-0-CHM,Chibougamau ,49.69251,-74.342296,383,REGION IV (North and Central America),CANADA,CA,GAW Regional,fixed station,ECCC,co2,surface,insitu,9999,data1,2007-08-01T00:00:00,2011-04-07T21:00:00,Terminated,Background observation,ppm,UTC,WMO CO2 X2019
4013,ESP,ESP4013,0-20008-0-ESP,Estevan Point ,49.382935,-126.544097,7,REGION IV (North and Central America),CANADA,CA,GAW Regional,fixed station,CSIRO,co2,surface,flask,9999,data1,1993-06-01T00:00:00,2002-01-12T12:00:00,Operational/Reporting,Background observation,ppm,UTC,WMO CO2 X2019
4013,ESP,ESP4013,0-20008-0-ESP,Estevan Point ,49.382935,-126.544097,7,REGION IV (North and Central America),CANADA,CA,GAW Regional,fixed station,ECCC,co2,surface,insitu,9999,data1,2009-03-01T00:00:00,2023-06-14T23:00:00,Operational/Reporting,Background observation,ppm,UTC,WMO CO2 X2019
4013,ESP,ESP4013,0-20008-0-ESP,Estevan Point ,49.382935,-126.544097,7,REGION IV (North and Central America),CANADA,CA,GAW Regional,fixed station,ECCC,co2,surface,flask,9999,data1,1992-06-08T21:31:00,2018-01-06T00:11:00,Operational/Reporting,Background observation,ppm,UTC,WMO CO2 X2019
6445,KAS,KAS6445,0-616-0-KAS,Kasprowy Wierch ,49.2325,19.9818,1989,REGION VI (Europe),POLAND,,GAW Regional,fixed station,AGH,co2,surface,insitu,9999,data1,1994-09-16T00:00:00,2024-12-31T22:00:00,Operational/Reporting,Background observation,ppm,UTC,WMO CO2 X2019
6084,KIT,KIT6084,0-20008-0-KIT,Karlsruhe ,49.09999847,8.437999725,111,REGION VI (Europe),GERMANY,DE,GAW Contributing networks,fixed station,DWD,co2,tower,insitu,6031,tower30,2016-12-01T00:00:00,2024-03-31T23:00:00,Operational/Reporting,Background observation,ppm,UTC,WMO CO2 X2019
6084,KIT,KIT6084,0-20008-0-KIT,Karlsruhe ,49.09999847,8.437999725,111,REGION VI (Europe),GERMANY,DE,GAW Contributing networks,fixed station,DWD,co2,tower,insitu,6061,tower60,2016-12-01T00:00:00,2024-03-31T23:00:00,Operational/Reporting,Background observation,ppm,UTC,WMO CO2 X2019
6084,KIT,KIT6084,0-20008-0-KIT,Karlsruhe ,49.09999847,8.437999725,111,REGION VI (Europe),GERMANY,DE,GAW Contributing networks,fixed station,DWD,co2,tower,insitu,6101,tower100,2016-12-01T00:00:00,2024-03-31T23:00:00,Operational/Reporting,Background observation,ppm,UTC,WMO CO2 X2019
6084,KIT,KIT6084,0-20008-0-KIT,Karlsruhe ,49.09999847,8.437999725,111,REGION VI (Europe),GERMANY,DE,GAW Contributing networks,fixed station,DWD,co2,tower,insitu,6201,tower200,2016-12-01T00:00:00,2024-03-31T23:00:00,Operational/Reporting,Background observation,ppm,UTC,WMO CO2 X2019
6025,BRT,BRT6025,0-20008-0-BRT,Brotjacklriegel ,48.81666565,13.21666622,1016,REGION VI (Europe),GERMANY,DE,GAW Other elements,fixed station,UBAG,co2,surface,insitu,9999,data1,1972-01-01T00:00:00,2003-12-31T23:00:00,Temporarily suspended,Unknown,ppm,UTC+01:00,
6026,LPO,LPO6026,0-20008-0-LPO,Ile Grande ,48.80360031,-3.583899975,20,REGION VI (Europe),FRANCE,FR,GAW Other elements,fixed station,LSCE,co2,surface,flask,9999,data1,2004-11-01T00:00:00,2010-03-08T15:00:00,Temporarily suspended,Unknown,ppm,UTC,WMO CO2 X2001
4014,OPW,OPW4014,0-20008-0-OPW,Olympic Peninsula (WA) ,48.25,-124.4199982,488,REGION IV (North and Central America),UNITED STATES,US,GAW Regional,fixed station,NOAA,co2,surface,flask,3001,ccgg,1984-11-01T00:00:00,1990-05-30T04:10:00,Operational/Reporting,Background observation,ppm,UTC,WMO CO2 X2019
6027,SSL,SSL6027,0-20008-0-SSL,Schauinsland ,47.90000153,7.916666508,1205,REGION VI (Europe),GERMANY,DE,GAW Regional,fixed station,UBAG,co2,surface,insitu,9998,data2,2000-01-01T00:00:00,2017-12-31T23:00:00,Terminated,Background observation,ppm,UTC+01:00,WMO CO2 X2007
6027,SSL,SSL6027,0-20008-0-SSL,Schauinsland ,47.90000153,7.916666508,1205,REGION VI (Europe),GERMANY,DE,GAW Regional,fixed station,UBAG,co2,surface,insitu,9999,data1,1972-01-01T00:00:00,2022-12-31T23:00:00,Operational/Reporting,Background observation,ppm,UTC,WMO CO2 X2019
6028,HPB,HPB6028,0-20008-0-HPB,Hohenpeissenberg ,47.80149841,11.00961971,985,REGION VI (Europe),GERMANY,DE,GAW Global,fixed station,NOAA,co2,surface,flask,3001,ccgg,2006-04-01T00:00:00,2023-12-27T11:55:00,Operational/Reporting,Background observation,ppm,UTC,WMO CO2 X2019
6028,HPB,HPB6028,0-20008-0-HPB,Hohenpeissenberg ,47.80149841,11.00961971,985,REGION VI (Europe),GERMANY,DE,GAW Global,fixed station,DWD,co2,tower,insitu,6051,tower50,2015-09-18T00:00:00,2024-08-13T00:00:00,Operational/Reporting,Background observation,ppm,UTC,WMO CO2 X2019
6028,HPB,HPB6028,0-20008-0-HPB,Hohenpeissenberg ,47.80149841,11.00961971,985,REGION VI (Europe),GERMANY,DE,GAW Global,fixed station,DWD,co2,tower,insitu,6094,tower93,2015-09-18T00:00:00,2024-08-13T00:00:00,Operational/Reporting,Background observation,ppm,UTC,WMO CO2 X2019
6028,HPB,HPB6028,0-20008-0-HPB,Hohenpeissenberg ,47.80149841,11.00961971,985,REGION VI (Europe),GERMANY,DE,GAW Global,fixed station,DWD,co2,tower,insitu,6132,tower131,2015-09-18T00:00:00,2024-08-13T00:00:00,Operational/Reporting,Background observation,ppm,UTC,WMO CO2 X2019
6029,WNK,WNK6029,0-20008-0-WNK,Wank ,47.509322,11.1426503,1780,REGION VI (Europe),GERMANY,DE,GAW Other elements,fixed station,IMKIFU,co2,surface,insitu,9999,data1,1981-01-01T00:00:00,1994-12-31T23:00:00,Terminated,Unknown,ppm,UTC+01:00,WMO CO2 X1974
6030,ZUG,ZUG6030,0-20008-0-ZUG,Zugspitze-Gipfel ,47.421075,10.985896,2962,REGION VI (Europe),GERMANY,DE,GAW Global,fixed station,IMKIFU,co2,surface,insitu,9999,data1,1981-01-01T00:00:00,1990-12-31T00:00:00,Temporarily suspended,Background observation,ppm,UTC+01:00,WMO CO2 X1974
6030,ZUG,ZUG6030,0-20008-0-ZUG,Zugspitze-Gipfel ,47.421075,10.985896,2962,REGION VI (Europe),GERMANY,DE,GAW Global,fixed station,UBAG,co2,surface,insitu,9999,data1,1995-01-01T00:00:00,2001-12-31T23:00:00,Temporarily suspended,Background observation,ppm,UTC+01:00,WMO CO2 X1985
6031,ZSF,ZSF6031,0-20008-0-ZSF,Zugspitze-Schneefernerhaus ,47.4165,10.97964,2666,REGION VI (Europe),GERMANY,DE,GAW Global,fixed station,UBAG,co2,surface,insitu,9999,data1,2002-01-01T00:00:00,2024-03-31T23:00:00,Operational/Reporting,Background observation,ppm,UTC,WMO CO2 X2019
6032,SNB,SNB6032,0-20000-0-11343,SONNBLICK Observatory ,47.05401879,12.95769275,3106,REGION VI (Europe),AUSTRIA,,GAW Global,fixed station,UBAA,co2,surface,insitu,9999,data1,1999-01-01T00:00:00,2023-12-31T23:00:00,Operational/Reporting,Background observation,ppm,UTC+01:00,WMO CO2 X2007
6033,KPS,KPS6033,0-348-4-46316,Kecskemét K-puszta háttérszennyettség-mérő állomás ,46.96666718,19.58333397,125,REGION VI (Europe),HUNGARY,,GAW Regional,fixed station,HMS,co2,surface,insitu,9999,data1,1981-01-01T00:00:00,1999-06-30T23:00:00,Temporarily suspended,Background observation,ppm,UTC+01:00,WMO CO2 X2007
6034,HUN,HUN6034,0-348-4-16307,Hegyhátsál háttérszennyettség-mérő állomás ,46.9559,16.6521,248,REGION VI (Europe),HUNGARY,,GAW Regional,fixed station,NOAA,co2,surface,flask,3001,ccgg,1993-03-01T00:00:00,2023-12-27T13:00:00,Operational/Reporting,Background observation,ppm,UTC,WMO CO2 X2019
6034,HUN,HUN6034,0-348-4-16307,Hegyhátsál háttérszennyettség-mérő állomás ,46.9559,16.6521,248,REGION VI (Europe),HUNGARY,,GAW Regional,fixed station,ATOMKI,co2,tower,insitu,6011,tower10,1994-09-01T00:00:00,2023-12-31T23:00:00,Operational/Reporting,Background observation,ppm,UTC+01:00,WMO CO2 X2019
6034,HUN,HUN6034,0-348-4-16307,Hegyhátsál háttérszennyettség-mérő állomás ,46.9559,16.6521,248,REGION VI (Europe),HUNGARY,,GAW Regional,fixed station,ATOMKI,co2,tower,insitu,6049,tower48,1994-09-01T00:00:00,2023-12-31T23:00:00,Operational/Reporting,Background observation,ppm,UTC+01:00,WMO CO2 X2019
6034,HUN,HUN6034,0-348-4-16307,Hegyhátsál háttérszennyettség-mérő állomás ,46.9559,16.6521,248,REGION VI (Europe),HUNGARY,,GAW Regional,fixed station,ATOMKI,co2,tower,insitu,6083,tower82,1994-09-01T00:00:00,2023-12-31T23:00:00,Operational/Reporting,Background observation,ppm,UTC+01:00,WMO CO2 X2019
6034,HUN,HUN6034,0-348-4-16307,Hegyhátsál háttérszennyettség-mérő állomás ,46.9559,16.6521,248,REGION VI (Europe),HUNGARY,,GAW Regional,fixed station,ATOMKI,co2,tower,insitu,6116,tower115,1994-09-01T00:00:00,2023-12-31T23:00:00,Operational/Reporting,Background observation,ppm,UTC+01:00,WMO CO2 X2019
6036,JFJ,JFJ6036,0-20008-0-JFJ,Jungfraujoch ,46.54748917,7.985089779,3580,REGION VI (Europe),SWITZERLAND,,GAW Global,fixed station,Empa,co2,surface,insitu,9999,data1,2010-01-01T00:00:00,2023-12-31T23:00:00,Operational/Reporting,Background observation,ppm,UTC+01:00,WMO CO2 X2019
6036,JFJ,JFJ6036,0-20008-0-JFJ,Jungfraujoch ,46.54748917,7.985089779,3580,REGION VI (Europe),SWITZERLAND,,GAW Global,fixed station,KUP,co2,surface,insitu,9999,data1,2004-12-01T00:00:00,2021-12-31T23:00:00,Temporarily suspended,Background observation,ppm,UTC,WMO CO2 X2019
6039,PRS,PRS6039,0-20008-0-PRS,Plateau Rosa ,45.93534088,7.7073102,3480,REGION VI (Europe),ITALY,IT,GAW Regional,fixed station,RSE,co2,surface,insitu,9999,data1,1993-04-01T00:00:00,2018-12-31T23:00:00,Temporarily suspended,Background observation,ppm,UTC,WMO CO2 X2007 / WMO CO2 X1993 / ICOS
4015,LEF,LEF4015,0-20008-0-LEF,Park Falls (WI) ,45.93000031,-90.26999664,868,REGION IV (North and Central America),UNITED STATES,US,GAW Regional,fixed station,NOAA,co2,surface,flask,3001,ccgg,1994-11-29T20:20:00,2023-12-19T18:36:00,Operational/Reporting,Background observation,ppm,UTC,WMO CO2 X2019
6040,PUY,PUY6040,0-20008-0-PUY,Puy de Dôme ,45.7723,2.9658,1465,REGION VI (Europe),FRANCE,FR,GAW Global,fixed station,LSCE,co2,surface,insitu,9999,data1,2000-01-01T00:00:00,2015-01-31T23:00:00,Temporarily suspended,Background observation,ppm,UTC,WMO CO2 X2001 / WMO CO2 X2007
6041,FDT,FDT6041,0-20008-0-FDT,Fundata ,45.43147039,25.27153827,1384,REGION VI (Europe),ROMANIA,,GAW Regional,fixed station,INMH,co2,surface,insitu,9999,data1,2000-07-01T00:00:00,2005-12-31T23:00:00,Temporarily suspended,Background observation,ppm,Unknown,
4016,CMO,CMO4016,0-20008-0-CMO,Cape Meares (OR) ,45,-124,30,REGION IV (North and Central America),UNITED STATES,US,GAW Regional,fixed station,NOAA,co2,surface,flask,3001,ccgg,1982-03-01T00:00:00,1998-03-18T20:30:00,Operational/Reporting,Background observation,ppm,UTC,WMO CO2 X2019
2005,KZD,KZD2005,0-20008-0-KZD,Sary Taukum ,44.45000076,77.56999969,412,REGION II (Asia),KAZAKHSTAN,,GAW Regional,fixed station,NOAA,co2,surface,flask,3001,ccgg,1997-10-01T00:00:00,2009-08-15T04:54:00,Operational/Reporting,Background observation,ppm,UTC,WMO CO2 X2019
2004,UUM,UUM2004,0-20008-0-UUM,Ulaan Uul ,44.444,111.0861,992,REGION II (Asia),MONGOLIA,MN,GAW Regional,fixed station,NOAA,co2,surface,flask,3001,ccgg,1992-01-01T00:00:00,2021-11-24T07:00:00,Operational/Reporting,Background observation,ppm,UTC,WMO CO2 X2019
4018,EGB,EGB4018,0-20008-0-EGB,Egbert ,44.231006,-79.783839,255,REGION IV (North and Central America),CANADA,CA,GAW Regional,fixed station,ECCC,co2,surface,insitu,9999,data1,2005-03-01T00:00:00,2023-12-31T23:00:00,Operational/Reporting,Background observation,ppm,UTC,WMO CO2 X2019
6042,CMN,CMN6042,0-20008-0-CMN,Monte Cimone ,44.193425,10.700963,2165,REGION VI (Europe),ITALY,IT,GAW Global,fixed station,IAFMS,co2,surface,insitu,9999,data1,1979-03-01T00:00:00,2024-12-31T23:00:00,Operational/Reporting,Background observation,ppm,UTC+01:00,WMO CO2 X1993 / WMO CO2 X2019
6043,BSC,BSC6043,0-20008-0-BSC,Constanta (Black Sea) ,44.16999817,28.68000031,3,REGION VI (Europe),ROMANIA,,GAW Regional,fixed station,NOAA,co2,surface,flask,3001,ccgg,1994-10-11T10:33:00,2011-12-26T06:15:00,Operational/Reporting,Background observation,ppm,UTC,WMO CO2 X2019
4019,WSA,WSA4019,0-20008-0-WSA,Sable Island ,43.932638,-60.008608,2,REGION IV (North and Central America),CANADA,CA,GAW Regional,fixed station,ECCC,co2,surface,insitu,9999,data1,1992-08-01T00:00:00,2023-12-31T23:00:00,Operational/Reporting,Background observation,ppm,UTC,WMO CO2 X2019
4019,WSA,WSA4019,0-20008-0-WSA,Sable Island ,43.932638,-60.008608,2,REGION IV (North and Central America),CANADA,CA,GAW Regional,fixed station,ECCC,co2,surface,flask,9999,data1,1975-03-20T18:45:00,2017-12-29T14:41:00,Operational/Reporting,Background observation,ppm,UTC,WMO CO2 X2019
2007,KZM,KZM2007,0-20008-0-KZM,Plateau Assy ,43.25,77.87999725,2519,REGION II (Asia),KAZAKHSTAN,,GAW Regional,fixed station,NOAA,co2,surface,flask,3001,ccgg,1997-10-01T00:00:00,2009-08-05T04:24:00,Operational/Reporting,Background observation,ppm,UTC,WMO CO2 X2019
2008,,COI2008,0-20008-0-COI,Cape Ochiishi ,43.16028,145.49739,42.4,REGION II (Asia),JAPAN,JP,GAW Contributing networks,fixed station,NIES,co2,surface,insitu,9999,data1,1995-01-01T00:00:00,2022-12-31T23:00:00,Operational/Reporting,"Monitoring background conditions, and the influence of air pollution",ppm,UTC,NIES09
6044,PDM,PDM6044,0-20008-0-PDM,Pic du Midi ,42.93719864,0.141100004,2877,REGION VI (Europe),FRANCE,FR,GAW Regional,fixed station,LSCE,co2,surface,flask,9999,data1,2001-06-01T00:00:00,2010-08-10T09:30:00,Temporarily suspended,Unknown,ppm,UTC,WMO CO2 X2001
2157,CPA,CPA2157,0-417-0-CPA,Cholpon-Ata ,42.6369,77.0675,1613,REGION II (Asia),KYRGYZSTAN,,GAW Regional,fixed station,Kyrgyzhydromet,co2,surface,insitu,9999,data1,2016-01-01T00:00:00,2023-12-31T23:00:00,Operational/Reporting,"Monitoring background conditions, and the influence of air pollution",ppm,UTC,WMO CO2 X2019
2009,ISK,ISK2009,0-20008-0-ISK,Issyk-Kul ,42.61666489,76.98332977,1640,REGION II (Asia),KYRGYZSTAN,,GAW Regional,fixed station,KSNU,co2,surface,remote,9999,data1,1980-05-01T00:00:00,2008-12-31T00:00:00,Temporarily suspended,Background observation,ppm,UTC+05:00,
6045,BEO,BEO6045,0-20008-0-BEO,BEO Moussala ,42.17919922,23.5855999,2925,REGION VI (Europe),BULGARIA,,GAW Regional,fixed station,INRNE,co2,surface,insitu,9999,data1,2006-01-01T00:00:00,2012-12-31T23:00:00,Temporarily suspended,Background observation,ppm,UTC+02:00,
6046,BGU,BGU6046,0-20008-0-BGU,Begur ,41.97000122,3.230000019,13,REGION VI (Europe),SPAIN,,GAW Other elements,fixed station,LSCE,co2,surface,flask,9999,data1,2000-02-01T00:00:00,2010-10-16T12:40:00,Temporarily suspended,Unknown,ppm,UTC,WMO CO2 X2001
4022,THD,THD4022,0-20008-0-THD,Trinidad Head (CA) ,41.05410004,-124.151001,107,REGION IV (North and Central America),UNITED STATES,US,GAW Regional,fixed station,NOAA,co2,surface,flask,3001,ccgg,2002-04-01T00:00:00,2017-06-01T20:11:00,Operational/Reporting,Background observation,ppm,UTC,WMO CO2 X2019
2010,KYZ,KYZ2010,0-20008-0-KYZ,Kyzylcha ,40.86999893,66.15000153,340,REGION II (Asia),UZBEKISTAN,,GAW Regional,fixed station,MGO,co2,surface,flask,9999,data1,1990-01-01T00:00:00,1991-08-28T00:00:00,Temporarily suspended,Background observation,ppm,UTC+05:00,WMO CO2 X1987
2011,SDZ,SDZ2011,0-20008-0-SDZ,Shangdianzi ,40.65000153,117.1166,287,REGION II (Asia),CHINA,,GAW Regional,fixed station,NOAA,co2,surface,flask,3001,ccgg,2009-09-01T00:00:00,2015-09-02T06:30:00,Operational/Reporting,Background observation,ppm,UTC,WMO CO2 X2019
6055,ECO,ECO6055,0-20008-0-ECO,Lecce Environmental-Climate Observatory ,40.3358,18.1245,36,REGION VI (Europe),ITALY,IT,GAW Regional,fixed station,ISAC,co2,surface,insitu,9999,data1,2015-01-01T00:00:00,2017-12-31T23:00:00,Temporarily suspended,Background observation,ppm,UTC+01:00,
4023,NWR,NWR4023,0-20008-0-NWR,Niwot Ridge - T-van (CO) ,40.04999924,-105.5899963,3523,REGION IV (North and Central America),UNITED STATES,US,GAW Regional,fixed station,NOAA,co2,surface,flask,3001,ccgg,1967-05-18T19:06:00,2023-12-26T20:45:00,Operational/Reporting,Background observation,ppm,UTC,WMO CO2 X2019
4024,UTA,UTA4024,0-20008-0-UTA,Wendover (UT) ,39.90000153,-113.7200012,1320,REGION IV (North and Central America),UNITED STATES,US,GAW Regional,fixed station,NOAA,co2,surface,flask,3001,ccgg,1993-05-01T00:00:00,2023-12-28T19:37:00,Operational/Reporting,Background observation,ppm,UTC,WMO CO2 X2019
6056,CUR,CUR6056,0-20008-0-CUR,Monte Curcio ,39.315972,16.42325,1796,REGION VI (Europe),ITALY,IT,GAW Regional,fixed station,IIA,co2,surface,insitu,9999,data1,2015-01-01T00:00:00,2017-12-31T23:00:00,Temporarily suspended,Background observation,ppm,UTC+01:00,WMO CO2 X2007
2012,RYO,RYO2012,0-20008-0-RYO,Ryori ,39.0319,141.8222,260,REGION II (Asia),JAPAN,JP,GAW Regional,fixed station,JMA,co2,surface,insitu,9999,data1,1987-01-01T00:00:00,2024-03-31T23:00:00,Operational/Reporting,Background observation,ppm,UTC+09:00,WMO CO2 X2019
2012,RYO,RYO2012,0-20008-0-RYO,Ryori ,39.0319,141.8222,260,REGION II (Asia),JAPAN,JP,GAW Regional,fixed station,AIST,co2,surface,insitu,9999,data1,2017-08-04T10:28:00,2018-11-19T06:30:00,Operational/Reporting,"Monitoring background conditions, and the influence of air pollution",ppm,UTC+09:00,Tohoku University 2010
4025,PTA,PTA4025,0-20008-0-PTA,Point Arena (CA) ,38.95000076,-123.7300034,17,REGION IV (North and Central America),UNITED STATES,US,GAW Regional,fixed station,NOAA,co2,surface,flask,3001,ccgg,1999-01-01T00:00:00,2011-05-25T18:00:00,Operational/Reporting,Background observation,ppm,UTC,WMO CO2 X2019
6054,LMT,LMT6054,0-20008-0-LMT,Lamezia Terme ,38.8763,16.2322,6,REGION VI (Europe),ITALY,IT,GAW Regional,fixed station,ISAC,co2,surface,insitu,9999,data1,2015-01-01T00:00:00,2016-12-31T23:00:00,Temporarily suspended,Background observation,ppm,UTC+01:00,WMO CO2 X2007
6047,AZR,AZR6047,0-20008-0-AZR,Serreta (Terceira) ,38.77000046,-27.37999916,40,REGION VI (Europe),PORTUGAL,,GAW Regional,fixed station,NOAA,co2,surface,flask,3001,ccgg,1979-12-01T00:00:00,2023-12-31T12:30:00,Operational/Reporting,Background observation,ppm,UTC,WMO CO2 X2019
6418,MDN,MDN6418,0-380-0-MDN,Madonie - Piano Battaglia ,37.880311,14.025635,1650,REGION VI (Europe),ITALY,IT,GAW Regional,fixed station,ENEA,co2,surface,flask,9999,data1,2005-04-01T00:00:00,2022-12-16T07:00:00,Operational/Reporting,Background observation,ppm,UTC,WMO CO2 X2019
6048,CGR,CGR6048,0-20008-0-CGR,Capo Granitola ,37.571111,12.659722,5,REGION VI (Europe),ITALY,IT,GAW Regional,fixed station,ISAC,co2,surface,insitu,9999,data1,2015-01-01T00:00:00,2023-12-31T00:00:00,Operational/Reporting,"Monitoring background conditions, and the influence of air pollution",ppm,UTC+01:00,WMO CO2 X2019
2159,ULD,ULD2159,0-410-0-ULD,Ulleungdo ,37.48,130.9,220.9,REGION II (Asia),"KOREA, REPUBLIC OF",KR,GAW Regional,fixed station,KMA,co2,surface,insitu,9999,data1,2014-01-01T00:00:00,2023-12-31T23:00:00,Operational/Reporting,Background observation,ppm,UTC+09:00,WMO CO2 X2019
2013,TAP,TAP2013,0-20008-0-TAP,Tae-ahn Peninsula ,36.72999954,126.1299973,20,REGION II (Asia),"KOREA, REPUBLIC OF",KR,GAW Regional,fixed station,NOAA,co2,surface,flask,3001,ccgg,1990-11-01T00:00:00,2023-12-21T05:16:00,Operational/Reporting,Background observation,ppm,UTC,WMO CO2 X2019
4026,SGP,SGP4026,0-20008-0-SGP,Southern Great Plains E13 (OK) ,36.59999847,-97.5,318,REGION IV (North and Central America),UNITED STATES,US,GAW Contributing networks,fixed station,NOAA,co2,surface,flask,3001,ccgg,2002-04-01T00:00:00,2023-12-21T20:00:00,Operational/Reporting,Background observation,ppm,UTC,WMO CO2 X2019
2014,AMY,AMY2014,0-20008-0-AMY,Anmyeon-do ,36.5386,126.33,42,REGION II (Asia),"KOREA, REPUBLIC OF",KR,GAW Regional,fixed station,NOAA,co2,surface,flask,3001,ccgg,2013-12-01T00:00:00,2023-11-30T06:39:00,Operational/Reporting,Background observation,ppm,UTC,WMO CO2 X2019
2014,AMY,AMY2014,0-20008-0-AMY,Anmyeon-do ,36.5386,126.33,42,REGION II (Asia),"KOREA, REPUBLIC OF",KR,GAW Regional,fixed station,KMA,co2,surface,insitu,9999,data1,1999-01-01T00:00:00,2023-12-31T23:00:00,Operational/Reporting,Background observation,ppm,UTC+09:00,KRISS / WMO CO2 X2019
2015,WLG,WLG2015,0-20008-0-WLG,Mt. Waliguan ,36.28749847,100.8963013,3810,REGION II (Asia),CHINA,,GAW Global,fixed station,NOAA,co2,surface,flask,3001,ccgg,1990-08-01T00:00:00,2023-12-27T00:20:00,Operational/Reporting,Background observation,ppm,UTC,WMO CO2 X2019
2015,WLG,WLG2015,0-20008-0-WLG,Mt. Waliguan ,36.28749847,100.8963013,3810,REGION II (Asia),CHINA,,GAW Global,fixed station,CMA,co2,surface,insitu,9999,data1,1994-11-01T00:00:00,2022-12-31T00:00:00,Operational/Reporting,Background observation,ppm,UTC,WMO CO2 X2019
2016,,TKY2016,0-20008-0-TKY,Takayama ,36.14616667,137.4231111,1420,REGION II (Asia),JAPAN,JP,GAW Other elements,fixed station,AIST,co2,tower,insitu,6002,tower1,1993-09-01T00:00:00,2021-12-31T23:00:00,Operational/Reporting,Biosphere monitoring,ppm,UTC+09:00,Tohoku University 2010
2016,,TKY2016,0-20008-0-TKY,Takayama ,36.14616667,137.4231111,1420,REGION II (Asia),JAPAN,JP,GAW Other elements,fixed station,AIST,co2,tower,insitu,6003,tower2,1993-09-01T00:00:00,2021-12-31T23:00:00,Operational/Reporting,Biosphere monitoring,ppm,UTC+09:00,Tohoku University 2010
2016,,TKY2016,0-20008-0-TKY,Takayama ,36.14616667,137.4231111,1420,REGION II (Asia),JAPAN,JP,GAW Other elements,fixed station,AIST,co2,tower,insitu,6006,tower5,1993-09-01T00:00:00,2021-12-31T23:00:00,Operational/Reporting,Biosphere monitoring,ppm,UTC+09:00,Tohoku University 2010
2016,,TKY2016,0-20008-0-TKY,Takayama ,36.14616667,137.4231111,1420,REGION II (Asia),JAPAN,JP,GAW Other elements,fixed station,AIST,co2,tower,insitu,6009,tower8,1993-09-01T00:00:00,2021-12-31T23:00:00,Operational/Reporting,Biosphere monitoring,ppm,UTC+09:00,Tohoku University 2010
2016,,TKY2016,0-20008-0-TKY,Takayama ,36.14616667,137.4231111,1420,REGION II (Asia),JAPAN,JP,GAW Other elements,fixed station,AIST,co2,tower,insitu,6019,tower18,1993-09-01T00:00:00,2021-12-31T23:00:00,Operational/Reporting,Biosphere monitoring,ppm,UTC+09:00,Tohoku University 2010
2016,,TKY2016,0-20008-0-TKY,Takayama ,36.14616667,137.4231111,1420,REGION II (Asia),JAPAN,JP,GAW Other elements,fixed station,AIST,co2,tower,insitu,6028,tower27,1993-09-01T00:00:00,2021-12-31T23:00:00,Operational/Reporting,Biosphere monitoring,ppm,UTC+09:00,Tohoku University 2010
2017,,KIS2017,0-20008-0-KIS,Kisai ,36.084519,139.560514,14,REGION II (Asia),JAPAN,JP,GAW Other elements,fixed station,SAIPF,co2,surface,insitu,9999,data1,2000-01-01T00:00:00,2023-12-31T23:00:00,Operational/Reporting,"Monitoring background conditions, and the influence of air pollution",ppm,UTC+09:00,WMO CO2 X2007
6049,GLH,GLH6049,0-20008-0-GLH,Giordan Lighthouse ,36.0722,14.2184,167,REGION VI (Europe),MALTA,,GAW Regional,fixed station,UMLT,co2,surface,insitu,9999,data1,2012-01-01T00:00:00,2019-12-31T23:00:00,Operational/Reporting,Background observation,ppm,UTC+01:00,
2018,TKB,TKB2018,0-20008-0-TKB,Tateno (Tsukuba) ,36.0581,140.1258,25.2,REGION II (Asia),JAPAN,JP,GAW Regional,fixed station,MRI,co2,tower,insitu,6002,tower1,1986-04-01T00:00:00,2000-02-29T23:00:00,Terminated,Background observation,ppm,UTC+09:00,MRI-87
2018,TKB,TKB2018,0-20008-0-TKB,Tateno (Tsukuba) ,36.0581,140.1258,25.2,REGION II (Asia),JAPAN,JP,GAW Regional,fixed station,MRI,co2,tower,insitu,6026,tower25,1986-04-01T00:00:00,2000-02-29T23:00:00,Terminated,Background observation,ppm,UTC+09:00,MRI-87
2018,TKB,TKB2018,0-20008-0-TKB,Tateno (Tsukuba) ,36.0581,140.1258,25.2,REGION II (Asia),JAPAN,JP,GAW Regional,fixed station,MRI,co2,tower,insitu,6201,tower200,1986-04-01T00:00:00,2000-02-29T23:00:00,Terminated,Background observation,ppm,UTC+09:00,MRI-87
6050,GOZ,GOZ6050,0-20008-0-GOZ,Dwejra Point ,36.04999924,14.18000031,30,REGION VI (Europe),MALTA,,GAW Regional,fixed station,NOAA,co2,surface,flask,3001,ccgg,1993-10-01T00:00:00,1999-02-12T08:15:00,Operational/Reporting,Background observation,ppm,UTC,WMO CO2 X2019
2019,,DDR2019,0-20008-0-DDR,Mt. Dodaira ,36.000275,139.186386,832,REGION II (Asia),JAPAN,JP,GAW Other elements,fixed station,SAIPF,co2,surface,insitu,9999,data1,1992-01-01T00:00:00,2023-12-31T23:00:00,Operational/Reporting,Background observation,ppm,UTC+09:00,WMO CO2 X2007
2020,,URW2020,0-20008-0-URW,Urawa ,35.868361,139.612889,8,REGION II (Asia),JAPAN,JP,GAW Other elements,fixed station,SAIPF,co2,surface,insitu,9999,data1,1991-04-01T00:00:00,2002-03-31T23:00:00,Operational/Reporting,Air Pollution monitoring,ppm,UTC+09:00,WMO CO2 X2007
6051,LMP,LMP6051,0-20008-0-LMP,Lampedusa ,35.5182,12.6305,45,REGION VI (Europe),ITALY,IT,GAW Regional,fixed station,NOAA,co2,surface,flask,3001,ccgg,2006-10-01T00:00:00,2023-12-30T09:15:00,Operational/Reporting,Background observation,ppm,UTC,WMO CO2 X2019
6051,LMP,LMP6051,0-20008-0-LMP,Lampedusa ,35.5182,12.6305,45,REGION VI (Europe),ITALY,IT,GAW Regional,fixed station,ENEA,co2,surface,insitu,9999,data1,2006-10-01T00:00:00,2020-05-31T21:00:00,Temporarily suspended,Background observation,ppm,UTC,WMO CO2 X2007
6051,LMP,LMP6051,0-20008-0-LMP,Lampedusa ,35.5182,12.6305,45,REGION VI (Europe),ITALY,IT,GAW Regional,fixed station,ENEA,co2,surface,flask,9999,data1,1992-05-01T00:00:00,2022-12-23T07:00:00,Operational/Reporting,Background observation,ppm,UTC,WMO CO2 X2019
6052,FKL,FKL6052,0-20008-0-FKL,Finokalia ,35.33779907,25.66939926,150,REGION VI (Europe),GREECE,,GAW Other elements,fixed station,LSCE,co2,surface,flask,9999,data1,1999-02-01T00:00:00,2010-11-16T13:00:00,Temporarily suspended,Unknown,ppm,UTC,
2022,MKW,MKW2022,0-20008-0-MKW,Mikawa-Ichinomiya ,34.84999847,137.4299927,50,REGION II (Asia),JAPAN,JP,GAW Other elements,fixed station,AICH,co2,surface,insitu,9999,data1,1993-04-01T00:00:00,2011-03-31T23:00:00,Terminated,Unknown,ppm,UTC+09:00,
2023,SUI,SUI2023,0-20008-0-SUI,Suita ,34.81999969,135.5200043,63,REGION II (Asia),JAPAN,JP,GAW Other elements,fixed station,OSAKAU,co2,surface,insitu,9999,data1,2005-01-01T00:00:00,2005-12-31T23:00:00,Terminated,Unknown,ppm,UTC+09:00,
2024,HMM,HMM2024,0-20008-0-HMM,Hamamatsu ,34.71666718,137.7166595,29,REGION II (Asia),JAPAN,JP,GAW Other elements,fixed station,SHIZU,co2,surface,insitu,9999,data1,1998-10-01T00:00:00,2001-12-31T23:00:00,Temporarily suspended,Unknown,ppm,Unknown,
2025,GSN,GSN2025,0-20008-0-GSN,Gosan ,33.29382,126.16283,71.39,REGION II (Asia),"KOREA, REPUBLIC OF",KR,GAW Regional,fixed station,KMA,co2,surface,insitu,9999,data1,2011-01-01T00:00:00,2023-12-31T23:00:00,Operational/Reporting,Background observation,ppm,UTC+09:00,WMO CO2 X2019
2025,GSN,GSN2025,0-20008-0-GSN,Gosan ,33.29382,126.16283,71.39,REGION II (Asia),"KOREA, REPUBLIC OF",KR,GAW Regional,fixed station,GERC,co2,surface,insitu,9999,data1,2002-01-01T00:00:00,2011-12-31T23:00:00,Temporarily suspended,Background observation,ppm,UTC+09:00,WMO CO2 X2007
2025,GSN,GSN2025,0-20008-0-GSN,Gosan ,33.29382,126.16283,71.39,REGION II (Asia),"KOREA, REPUBLIC OF",KR,GAW Regional,fixed station,METRI,co2,surface,flask,9999,data1,1990-08-01T00:00:00,2003-06-01T00:00:00,Temporarily suspended,Background observation,ppm,Unknown,WMO CO2 X1997
4029,BME,BME4029,0-20008-0-BME,St. David's Head ,32.36999893,-64.65000153,30,REGION IV (North and Central America),UNITED KINGDOM,GB,GAW Regional,fixed station,NOAA,co2,surface,flask,3001,ccgg,1989-02-01T00:00:00,2010-01-25T13:26:00,Operational/Reporting,Background observation,ppm,UTC,WMO CO2 X2019
4030,BMW,BMW4030,0-20008-0-BMW,Tudor Hill (Bermuda) ,32.27000046,-64.87999725,30,REGION IV (North and Central America),UNITED KINGDOM,GB,GAW Regional,fixed station,NOAA,co2,surface,flask,3001,ccgg,1989-05-01T00:00:00,2023-12-22T17:46:00,Operational/Reporting,Background observation,ppm,UTC,WMO CO2 X2019
6053,WIS,WIS6053,0-20008-0-WIS,Sede Boker ,31.12999916,34.88000107,400,REGION VI (Europe),ISRAEL,,GAW Regional,fixed station,NOAA,co2,surface,flask,3001,ccgg,1995-11-01T00:00:00,2023-11-13T13:00:00,Operational/Reporting,Background observation,ppm,UTC,WMO CO2 X2019
1001,CAI,CAI1001,0-20008-0-CAI,CAIRO ,30.08333397,31.28333282,35,REGION I (Africa),EGYPT,EG,GAW Regional,fixed station,EMA,co2,surface,insitu,9999,data1,2010-01-01T00:00:00,2020-06-14T12:00:00,Temporarily suspended,Air Pollution monitoring,ppm,UTC+02:00,
1002,IZO,IZO1002,0-20008-0-IZO,Izaña (Tenerife) ,28.30900002,-16.49939919,2373,REGION I (Africa),SPAIN,,GAW Global,fixed station,NOAA,co2,surface,flask,3001,ccgg,1991-11-01T00:00:00,2023-12-31T09:24:00,Operational/Reporting,Background observation,ppm,UTC,WMO CO2 X2019
1002,IZO,IZO1002,0-20008-0-IZO,Izaña (Tenerife) ,28.30900002,-16.49939919,2373,REGION I (Africa),SPAIN,,GAW Global,fixed station,AEMET,co2,surface,insitu,9999,data1,1984-01-01T00:00:00,2023-12-31T23:00:00,Operational/Reporting,Background observation,ppm,UTC,WMO CO2 X2019 / WMO CO2 X1987 / WMO CO2 X1993
5001,MID,MID5001,0-20008-0-MID,Sand Island ,28.21999931,-177.3699951,4,REGION V (South-West Pacific),UNITED STATES,US,GAW Regional,fixed station,NOAA,co2,surface,flask,3001,ccgg,1985-05-01T00:00:00,2023-12-28T02:15:00,Operational/Reporting,Background observation,ppm,UTC,WMO CO2 X2019
1012,FRF,FRF1012,0-20008-0-FRF,Farafra ,27.05811691,27.9901638,92,REGION I (Africa),EGYPT,EG,GAW Regional,fixed station,EMA,co2,surface,insitu,9999,data1,2015-08-01T00:00:00,2020-04-30T23:00:00,Temporarily suspended,Background observation,ppm,UTC+02:00,
4033,KEY,KEY4033,0-20008-0-KEY,Key Biscane (FL) ,25.66666603,-80.19999695,3,REGION IV (North and Central America),UNITED STATES,US,GAW Regional,fixed station,NOAA,co2,surface,flask,3001,ccgg,1972-12-01T00:00:00,2023-12-20T16:30:00,Operational/Reporting,Background observation,ppm,UTC,WMO CO2 X2019
2028,YON,YON2028,0-20008-0-YON,Yonagunijima ,24.4667,123.0106,30,REGION II (Asia),JAPAN,JP,GAW Regional,fixed station,JMA,co2,surface,insitu,9999,data1,1997-01-01T00:00:00,2024-03-31T23:00:00,Operational/Reporting,Background observation,ppm,UTC+09:00,WMO CO2 X2019
2029,MNM,MNM2029,0-20008-0-MNM,Minamitorishima ,24.2883,153.9833,7.1,REGION II (Asia),JAPAN,JP,GAW Global,fixed station,JMA,co2,surface,insitu,9999,data1,1993-01-01T00:00:00,2024-03-31T23:00:00,Operational/Reporting,Background observation,ppm,UTC+09:00,WMO CO2 X2019
2031,,HAT2031,0-20008-0-HAT,Hateruma Island ,24.06069,123.80939,10,REGION II (Asia),JAPAN,JP,GAW Other elements,fixed station,NIES,co2,surface,insitu,9999,data1,1993-01-01T00:00:00,2022-12-31T23:00:00,Operational/Reporting,"Monitoring background conditions, and the influence of air pollution",ppm,UTC,NIES09
2032,LLN,LLN2032,0-20008-0-LLN,Lulin ,23.46999931,120.8700027,2862,REGION II (Asia),"TAIWAN, PROVINCE OF CHINA",,GAW Other elements,fixed station,NOAA,co2,surface,flask,3001,ccgg,2006-08-01T00:00:00,2023-12-25T22:16:00,Operational/Reporting,Background observation,ppm,UTC,WMO CO2 X2019
1003,ASK,ASK1003,0-20008-0-ASK,Assekrem ,23.26116,5.63115,2710,REGION I (Africa),ALGERIA,,GAW Global,fixed station,NOAA,co2,surface,flask,3001,ccgg,1995-09-01T00:00:00,2023-12-31T11:14:00,Operational/Reporting,Background observation,ppm,UTC,WMO CO2 X2019
2033,HKO,HKO2033,0-20008-0-HKO,King's Park ,22.31189728,114.1728745,65,REGION II (Asia),HONG KONG,,GAW Regional,fixed station,HKO,co2,surface,insitu,9999,data1,2009-05-01T00:00:00,2024-12-31T00:00:00,Operational/Reporting,Background observation,ppm,UTC+08:00,NIST / WMO CO2 X2019 / WMO CO2 X2007
2034,HKG,HKG2034,0-20008-0-HKG,Hok Tsui / Cape d Aguilar ,22.2094,114.2535,53,REGION II (Asia),HONG KONG,,GAW Regional,fixed station,HKO,co2,surface,insitu,9999,data1,2010-11-01T00:00:00,2024-12-31T00:00:00,Operational/Reporting,Background observation,ppm,UTC+08:00,WMO CO2 X2007 / WMO CO2 X2019
2035,PDI,PDI2035,0-20008-0-PDI,Pha Din ,21.5731,103.5157,1466,REGION II (Asia),VIET NAM,,GAW Regional,fixed station,VNMHA,co2,surface,insitu,9999,data1,2014-01-01T00:00:00,2022-12-31T23:00:00,Operational/Reporting,"Monitoring background conditions, and the influence of air pollution",ppm,UTC,WMO CO2 X2019
5026,MKO,MKO5026,0-20008-0-MKO,Mauna Kea (HI) ,19.82999992,-155.4799957,4204,REGION V (South-West Pacific),UNITED STATES,US,GAW Other elements,fixed station,NOAA,co2,surface,insitu,3001,ccgg,2022-01-01T00:00:00,2024-04-30T00:00:00,Operational/Reporting,Background observation,ppm,UTC,WMO CO2 X2019
5026,MKO,MKO5026,0-20008-0-MKO,Mauna Kea (HI) ,19.82999992,-155.4799957,4204,REGION V (South-West Pacific),UNITED STATES,US,GAW Other elements,fixed station,NOAA,co2,surface,flask,3001,ccgg,1978-12-15T14:55:00,2023-12-04T20:21:00,Operational/Reporting,Background observation,ppm,UTC,WMO CO2 X2019
5002,MLO,MLO5002,0-20008-0-MLO,Mauna Loa (HI) ,19.53623009,-155.5761566,3397,REGION V (South-West Pacific),UNITED STATES,US,GAW Global,fixed station,NOAA,co2,surface,insitu,3001,ccgg,1974-01-01T00:00:00,2024-04-30T00:00:00,Operational/Reporting,Background observation,ppm,UTC,WMO CO2 X2019
5002,MLO,MLO5002,0-20008-0-MLO,Mauna Loa (HI) ,19.53623009,-155.5761566,3397,REGION V (South-West Pacific),UNITED STATES,US,GAW Global,fixed station,NOAA,co2,surface,flask,3001,ccgg,1969-08-01T00:00:00,2023-12-26T18:56:00,Operational/Reporting,Background observation,ppm,UTC,WMO CO2 X2019
5002,MLO,MLO5002,0-20008-0-MLO,Mauna Loa (HI) ,19.53623009,-155.5761566,3397,REGION V (South-West Pacific),UNITED STATES,US,GAW Global,fixed station,CSIRO,co2,surface,flask,9999,data1,1991-05-01T00:00:00,2023-12-12T19:10:00,Operational/Reporting,Background observation,ppm,UTC,WMO CO2 X2019
5003,KUM,KUM5003,0-20008-0-KUM,Cape Kumukahi (HI) ,19.52000046,-154.8200073,3,REGION V (South-West Pacific),UNITED STATES,US,GAW Regional,fixed station,NOAA,co2,surface,flask,3001,ccgg,1971-01-12T19:30:00,2023-12-28T21:15:00,Operational/Reporting,Background observation,ppm,UTC,WMO CO2 X2019
4034,MEX,MEX4034,0-20008-0-MEX,Mex High Altitude Global Climate Observation Center ,18.985842,-97.314433,4560,REGION IV (North and Central America),MEXICO,,GAW Other elements,fixed station,NOAA,co2,surface,flask,3001,ccgg,2009-01-01T00:00:00,2023-12-08T14:00:00,Operational/Reporting,Background observation,ppm,UTC,WMO CO2 X2019
4035,AVI,AVI4035,0-20008-0-AVI,St. Croix ,17.75,-64.75,3,REGION IV (North and Central America),UNITED STATES,US,GAW Regional,fixed station,NOAA,co2,surface,flask,3001,ccgg,1979-02-16T20:20:00,1990-08-29T18:30:00,Operational/Reporting,Background observation,ppm,UTC,WMO CO2 X2019
1004,CVO,CVO1004,0-20008-0-CVO,Cape Verde Atmospheric Observatory ,16.864025,-24.867519,10,REGION I (Africa),CAPE VERDE,,GAW Global,fixed station,UYRK,co2,surface,insitu,9999,data1,2016-01-01T00:00:00,2024-12-31T23:00:00,Operational/Reporting,Background observation,ppm,UTC,WMO CO2 X2019
1004,CVO,CVO1004,0-20008-0-CVO,Cape Verde Atmospheric Observatory ,16.864025,-24.867519,10,REGION I (Africa),CAPE VERDE,,GAW Global,fixed station,UoE,co2,surface,insitu,9999,data1,2012-10-01T00:00:00,2024-11-18T16:00:00,Operational/Reporting,Background observation,ppm,UTC-01:00,WMO CO2 X2019
2036,CRI,CRI2036,0-20008-0-CRI,Cape Rama ,15.07999992,73.83000183,60,REGION II (Asia),INDIA,IN,GAW Other elements,fixed station,CSIRO,co2,surface,flask,9999,data1,1993-02-01T00:00:00,2013-01-13T07:25:00,Operational/Reporting,Background observation,ppm,UTC,WMO CO2 X2019
5004,GMI,GMI5004,0-20008-0-GMI,Guam (Mariana Island) ,13.43000031,144.7799988,2,REGION V (South-West Pacific),UNITED STATES,US,GAW Regional,fixed station,NOAA,co2,surface,flask,3001,ccgg,1978-09-24T00:00:00,2023-04-21T05:36:00,Operational/Reporting,Background observation,ppm,UTC,WMO CO2 X2019
4036,RPB,RPB4036,0-20008-0-RPB,Ragged Point ,13.17000008,-59.43000031,45,REGION IV (North and Central America),BARBADOS,,GAW Regional,fixed station,NOAA,co2,surface,flask,3001,ccgg,1987-11-01T00:00:00,2023-12-31T13:41:00,Operational/Reporting,Background observation,ppm,UTC,WMO CO2 X2019
5005,DMV,DMV5005,0-20008-0-DMV,Danum Valley ,4.981389046,117.8436127,426,REGION V (South-West Pacific),MALAYSIA,,GAW Global,fixed station,MMD,co2,surface,insitu,9999,data1,2004-09-01T00:00:00,2010-09-21T11:00:00,Temporarily suspended,Background observation,ppm,UTC+08:00,
2037,KCO,KCO2037,0-20008-0-KCO,Kaashidhoo (Male Atoll) ,4.96999979,73.47000122,1,REGION II (Asia),MALDIVES,,GAW Regional,fixed station,NOAA,co2,surface,flask,3001,ccgg,1998-03-02T07:15:00,1999-07-15T08:18:00,Operational/Reporting,Background observation,ppm,UTC,WMO CO2 X2019
5006,CHR,CHR5006,0-20008-0-CHR,Christmas Island ,1.700000048,-157.1699982,3,REGION V (South-West Pacific),KIRIBATI,,GAW Regional,fixed station,NOAA,co2,surface,flask,3001,ccgg,1984-03-01T00:00:00,2020-01-25T03:00:00,Operational/Reporting,Background observation,ppm,UTC,WMO CO2 X2019
1005,MKN,MKN1005,0-20008-0-MKN,Mt. Kenya ,-0.062199999,37.29719925,3678,REGION I (Africa),KENYA,,GAW Global,fixed station,NOAA,co2,surface,flask,3001,ccgg,2003-12-01T00:00:00,2011-06-21T08:00:00,Operational/Reporting,Background observation,ppm,UTC,WMO CO2 X2019
1005,MKN,MKN1005,0-20008-0-MKN,Mt. Kenya ,-0.062199999,37.29719925,3678,REGION I (Africa),KENYA,,GAW Global,fixed station,KMD,co2,surface,insitu,9999,data1,2020-01-01T00:00:00,2023-12-31T23:00:00,Operational/Reporting,Background observation,ppm,UTC,WMO CO2 X2019
5007,BKT,BKT5007,0-20008-0-BKT,Bukit Kototabang ,-0.201944396,100.3180542,864,REGION V (South-West Pacific),INDONESIA,,GAW Global,fixed station,NOAA,co2,surface,flask,3001,ccgg,2004-01-01T00:00:00,2023-12-26T07:00:00,Operational/Reporting,Background observation,ppm,UTC,WMO CO2 X2019
5007,BKT,BKT5007,0-20008-0-BKT,Bukit Kototabang ,-0.201944396,100.3180542,864,REGION V (South-West Pacific),INDONESIA,,GAW Global,fixed station,BMKG,co2,surface,insitu,9999,data1,2009-01-01T00:00:00,2023-12-31T23:00:00,Operational/Reporting,Background observation,ppm,UTC+07:00,WMO CO2 X2007
1006,SEY,SEY1006,0-20008-0-SEY,Mahé ,-4.670000076,55.16999817,3,REGION I (Africa),SEYCHELLES,,GAW Regional,fixed station,NOAA,co2,surface,flask,3001,ccgg,1980-01-01T00:00:00,2023-12-28T09:59:00,Operational/Reporting,Background observation,ppm,UTC,WMO CO2 X2019
3001,NAT,NAT3001,0-20008-0-NAT,Natal ,-6,-35.20000076,0,REGION III (South America),BRAZIL,BR,GAW Regional,fixed station,NOAA,co2,surface,flask,3001,ccgg,2010-09-01T00:00:00,2020-03-11T15:07:00,Operational/Reporting,Background observation,ppm,UTC,WMO CO2 X2019
1007,ASC,ASC1007,0-20008-0-ASC,Ascension Island ,-7.96999979,-14.39999962,91,REGION I (Africa),UNITED KINGDOM,GB,GAW Regional,fixed station,NOAA,co2,surface,flask,3001,ccgg,1979-08-01T00:00:00,2023-12-31T09:40:00,Operational/Reporting,Background observation,ppm,UTC,WMO CO2 X2019
3002,HUA,HUA3002,0-20008-0-HUA,Huancayo ,-12.14999962,-75.56666565,4575,REGION III (South America),PERU,,GAW Regional,fixed station,IGP,co2,surface,insitu,9999,data1,1983-06-01T00:00:00,1989-07-31T00:00:00,Temporarily suspended,Background observation,ppm,Unknown,WMO CO2 X1981
5008,GPA,GPA5008,0-20008-0-GPA,Gunn Point ,-12.24880028,131.0453033,25,REGION V (South-West Pacific),AUSTRALIA,AU,GAW Regional,fixed station,CSIRO,co2,surface,flask,9999,data1,2010-08-25T05:50:00,2023-06-09T01:15:00,Operational/Reporting,Background observation,ppm,UTC,WMO CO2 X2019
3003,ABP,ABP3003,0-20008-0-ABP,Arembepe ,-12.76666641,-38.16666794,0,REGION III (South America),BRAZIL,BR,GAW Global,fixed station,NOAA,co2,surface,flask,3001,ccgg,2006-10-01T00:00:00,2010-01-13T17:42:00,Operational/Reporting,Background observation,ppm,UTC,WMO CO2 X2019
3003,ABP,ABP3003,0-20008-0-ABP,Arembepe ,-12.76666641,-38.16666794,0,REGION III (South America),BRAZIL,BR,GAW Global,fixed station,INPE,co2,surface,flask,9999,data1,2006-10-27T16:04:00,2010-01-13T17:55:00,Temporarily suspended,Background observation,ppm,UTC,
5009,SMO,SMO5009,0-20008-0-SMO,Samoa (Cape Matatula) ,-14.24747467,-170.5645142,77,REGION V (South-West Pacific),UNITED STATES,US,GAW Global,fixed station,NOAA,co2,surface,insitu,3001,ccgg,1974-01-01T00:00:00,2024-04-30T23:00:00,Operational/Reporting,Background observation,ppm,UTC,WMO CO2 X2019
5009,SMO,SMO5009,0-20008-0-SMO,Samoa (Cape Matatula) ,-14.24747467,-170.5645142,77,REGION V (South-West Pacific),UNITED STATES,US,GAW Global,fixed station,NOAA,co2,surface,flask,3001,ccgg,1972-01-15T14:53:00,2023-12-29T23:41:00,Operational/Reporting,Background observation,ppm,UTC,WMO CO2 X2019
5010,CFA,CFA5010,0-20008-0-CFA,Cape Ferguson ,-19.27733231,147.0584412,2,REGION V (South-West Pacific),AUSTRALIA,AU,GAW Regional,fixed station,CSIRO,co2,surface,flask,9999,data1,1991-06-01T00:00:00,2023-12-20T04:01:00,Operational/Reporting,Background observation,ppm,UTC,WMO CO2 X2019
1008,NMB,NMB1008,0-20008-0-NMB,Gobabeb ,-23.56999969,15.02999973,408,REGION I (Africa),NAMIBIA,,GAW Regional,fixed station,NOAA,co2,surface,flask,3001,ccgg,1997-01-01T00:00:00,2023-12-14T15:50:00,Operational/Reporting,Background observation,ppm,UTC,WMO CO2 X2019
3004,EIC,EIC3004,0-20008-0-EIC,Easter Island ,-27.16666603,-109.4167023,41,REGION III (South America),CHILE,,GAW Regional,fixed station,NOAA,co2,surface,flask,3001,ccgg,1994-01-01T00:00:00,2019-11-20T22:50:00,Operational/Reporting,Background observation,ppm,UTC,WMO CO2 X2019
3005,TLL,TLL3005,0-20008-0-TLL,El Tololo ,-30.16833,-70.80361,2154,REGION III (South America),CHILE,,GAW Regional,fixed station,DMC,co2,surface,insitu,9999,data1,2013-01-01T00:00:00,2023-12-31T23:00:00,Operational/Reporting,Background observation,ppm,UTC,WMO CO2 X2019
1009,CPT,CPT1009,0-20008-0-CPT,Cape Point ,-34.35348129,18.48968315,230,REGION I (Africa),SOUTH AFRICA,ZA,GAW Global,fixed station,NOAA,co2,surface,flask,3001,ccgg,2010-02-11T08:53:00,2023-12-11T12:20:00,Operational/Reporting,Background observation,ppm,UTC,WMO CO2 X2019
1009,CPT,CPT1009,0-20008-0-CPT,Cape Point ,-34.35348129,18.48968315,230,REGION I (Africa),SOUTH AFRICA,ZA,GAW Global,fixed station,SAWS,co2,surface,insitu,9999,data1,1993-01-01T00:00:00,2023-12-31T23:00:00,Operational/Reporting,Background observation,ppm,UTC+02:00,WMO CO2 X2019
1010,AMS,AMS1010,0-20008-0-AMS,Amsterdam Island ,-37.7983017,77.53780365,70,REGION I (Africa),FRANCE,FR,GAW Global,fixed station,NOAA,co2,surface,flask,3001,ccgg,1979-01-05T10:00:00,1990-12-07T04:50:00,Operational/Reporting,Background observation,ppm,UTC,WMO CO2 X2019
1010,AMS,AMS1010,0-20008-0-AMS,Amsterdam Island ,-37.7983017,77.53780365,70,REGION I (Africa),FRANCE,FR,GAW Global,fixed station,LSCE,co2,surface,insitu,9998,data2,1981-01-01T00:00:00,2010-12-31T23:00:00,Temporarily suspended,Background observation,ppm,UTC,WMO CO2 X1993 / WMO CO2 X2002
1010,AMS,AMS1010,0-20008-0-AMS,Amsterdam Island ,-37.7983017,77.53780365,70,REGION I (Africa),FRANCE,FR,GAW Global,fixed station,LSCE,co2,surface,insitu,9999,data1,2012-01-20T15:00:00,2015-07-02T23:00:00,Temporarily suspended,Background observation,ppm,UTC+05:00,WMO CO2 X2007
5011,CGO,CGO5011,0-20008-0-CGO,Kennaook / Cape Grim ,-40.68222046,144.6883392,94,REGION V (South-West Pacific),AUSTRALIA,AU,GAW Global,fixed station,NOAA,co2,surface,flask,3001,ccgg,1984-04-01T00:00:00,2023-12-26T00:35:00,Operational/Reporting,Background observation,ppm,UTC,WMO CO2 X2019
5011,CGO,CGO5011,0-20008-0-CGO,Kennaook / Cape Grim ,-40.68222046,144.6883392,94,REGION V (South-West Pacific),AUSTRALIA,AU,GAW Global,fixed station,CSIRO,co2,surface,insitu,9997,data3,1981-07-01T00:00:00,1990-12-31T00:00:00,Terminated,Background observation,ppm,UTC+10:00,WMO CO2 X1985
5011,CGO,CGO5011,0-20008-0-CGO,Kennaook / Cape Grim ,-40.68222046,144.6883392,94,REGION V (South-West Pacific),AUSTRALIA,AU,GAW Global,fixed station,CSIRO,co2,surface,insitu,9998,data2,1976-04-01T00:00:00,1981-09-30T00:00:00,Temporarily suspended,Background observation,ppm,UTC+10:00,WMO CO2 X1985
5011,CGO,CGO5011,0-20008-0-CGO,Kennaook / Cape Grim ,-40.68222046,144.6883392,94,REGION V (South-West Pacific),AUSTRALIA,AU,GAW Global,fixed station,CSIRO,co2,surface,insitu,9999,data1,2004-04-01T00:00:00,2019-12-31T23:00:00,Operational/Reporting,Background observation,ppm,UTC,WMO CO2 X2007
5011,CGO,CGO5011,0-20008-0-CGO,Kennaook / Cape Grim ,-40.68222046,144.6883392,94,REGION V (South-West Pacific),AUSTRALIA,AU,GAW Global,fixed station,CSIRO,co2,surface,flask,9999,data1,1991-06-01T00:00:00,2023-12-18T23:35:00,Operational/Reporting,Background observation,ppm,UTC,WMO CO2 X2019
5012,BHD,BHD5012,0-20008-0-BHD,Baring Head ,-41.40819168,174.8708038,85,REGION V (South-West Pacific),NEW ZEALAND,,GAW Regional,fixed station,NOAA,co2,surface,flask,3001,ccgg,1999-10-01T00:00:00,2023-12-14T02:16:00,Operational/Reporting,Background observation,ppm,UTC,WMO CO2 X2019
5012,BHD,BHD5012,0-20008-0-BHD,Baring Head ,-41.40819168,174.8708038,85,REGION V (South-West Pacific),NEW ZEALAND,,GAW Regional,fixed station,NIWA,co2,surface,insitu,9999,data1,1972-12-20T19:00:00,2023-12-31T02:00:00,Operational/Reporting,Background observation,ppm,UTC+12:00,WMO CO2 X2019
5014,LAU,LAU5014,0-20008-0-LAU,Lauder ,-45.0379982,169.6840057,370,REGION V (South-West Pacific),NEW ZEALAND,,GAW Global,fixed station,NIWA,co2,surface,insitu,9999,data1,2014-10-01T00:00:00,2020-12-31T23:00:00,Temporarily suspended,Background observation,ppm,UTC+12:00,WMO CO2 X2007
1011,CRZ,CRZ1011,0-20008-0-CRZ,Crozet ,-46.43333817,51.83358002,120,REGION I (Africa),FRANCE,FR,GAW Regional,fixed station,NOAA,co2,surface,flask,3001,ccgg,1991-03-01T00:00:00,2023-12-29T08:10:00,Operational/Reporting,Background observation,ppm,UTC,WMO CO2 X2019
3006,SGI,SGI3006,0-20008-0-SGI,Bird Island (South Georgia) ,-54.00830078,-38.05120087,30,REGION III (South America),UNITED KINGDOM,GB,GAW Regional,fixed station,NOAA,co2,surface,flask,3001,ccgg,1989-02-02T12:34:56,1992-08-13T16:20:00,Operational/Reporting,Background observation,ppm,UTC,WMO CO2 X2019
5015,MQA,MQA5015,0-20008-0-MQA,Macquarie Island ,-54.49850082,158.9385071,6,REGION V (South-West Pacific),AUSTRALIA,AU,GAW Regional,fixed station,CSIRO,co2,surface,insitu,9999,data1,2005-07-01T00:00:00,2016-11-26T21:00:00,Operational/Reporting,Background observation,ppm,UTC,WMO CO2 X2007
5015,MQA,MQA5015,0-20008-0-MQA,Macquarie Island ,-54.49850082,158.9385071,6,REGION V (South-West Pacific),AUSTRALIA,AU,GAW Regional,fixed station,CSIRO,co2,surface,flask,9999,data1,1990-04-12T23:34:00,2023-12-13T23:24:00,Operational/Reporting,Background observation,ppm,UTC,WMO CO2 X2019
3007,USH,USH3007,0-20008-0-USH,Ushuaia ,-54.84846497,-68.31069183,18,REGION III (South America),ARGENTINA,AR,GAW Global,fixed station,NOAA,co2,surface,flask,3001,ccgg,1994-09-01T00:00:00,2023-12-31T14:47:00,Operational/Reporting,Background observation,ppm,UTC,WMO CO2 X2019
7001,KSG,KSG7001,0-20008-0-KSG,King Sejong ,-62.21665955,-58.78329849,0,ANTARCTICA,"KOREA, REPUBLIC OF",KR,GAW Regional,fixed station,KMA,co2,surface,insitu,9999,data1,2010-01-01T00:00:00,2011-12-31T23:00:00,Temporarily suspended,Background observation,ppm,UTC,KRISS
7002,JBN,JBN7002,0-20008-0-JBN,Jubany ,-62.23820114,-58.66600037,15,ANTARCTICA,ARGENTINA,AR,GAW Regional,fixed station,IAA,co2,surface,insitu,9999,data1,1994-01-01T00:00:00,2009-12-31T23:00:00,Temporarily suspended,Background observation,ppm,UTC,WMO CO2 X1993
7003,PSA,PSA7003,0-20008-0-PSA,Palmer Station ,-64.77433014,-64.05442047,10,ANTARCTICA,UNITED STATES,US,GAW Regional,fixed station,NOAA,co2,surface,flask,3001,ccgg,1978-01-01T00:00:00,2023-12-25T11:34:00,Operational/Reporting,Background observation,ppm,UTC,WMO CO2 X2019
7004,CYA,CYA7004,0-20008-0-CYA,Casey ,-66.28330231,110.5167007,51,ANTARCTICA,AUSTRALIA,AU,GAW Regional,fixed station,CSIRO,co2,surface,flask,9999,data1,1996-11-25T00:15:00,2023-11-20T07:53:00,Operational/Reporting,Background observation,ppm,UTC,WMO CO2 X2019
7005,MAA,MAA7005,0-20008-0-MAA,Mawson ,-67.60472107,62.87055588,20,ANTARCTICA,AUSTRALIA,AU,GAW Regional,fixed station,CSIRO,co2,surface,flask,9999,data1,1990-01-29T03:45:00,2023-12-13T03:32:00,Operational/Reporting,Background observation,ppm,UTC,WMO CO2 X2019
7006,SYO,SYO7006,0-20008-0-SYO,Syowa ,-69.0053,39.5811,29.1,ANTARCTICA,JAPAN,JP,GAW Regional,fixed station,NOAA,co2,surface,flask,3001,ccgg,1986-01-25T18:00:00,2023-12-29T06:25:00,Operational/Reporting,Background observation,ppm,UTC,WMO CO2 X2019
7006,SYO,SYO7006,0-20008-0-SYO,Syowa ,-69.0053,39.5811,29.1,ANTARCTICA,JAPAN,JP,GAW Regional,fixed station,TU,co2,surface,insitu,9999,data1,1984-02-01T00:00:00,2024-01-31T23:00:00,Operational/Reporting,Background observation,ppm,UTC+03:00,Tohoku University 2010
7008,HBA,HBA7008,0-20008-0-HBA,Halley ,-75.571509,-25.50386,30,ANTARCTICA,UNITED KINGDOM,GB,GAW Global,fixed station,NOAA,co2,surface,flask,3001,ccgg,1983-01-01T00:00:00,2023-02-02T12:17:00,Operational/Reporting,Background observation,ppm,UTC,WMO CO2 X2019
7011,SPO,SPO7011,0-20008-0-SPO,South Pole ,-89.99694824,-24.79999924,2841,ANTARCTICA,UNITED STATES,US,GAW Global,fixed station,NOAA,co2,surface,insitu,3001,ccgg,1975-01-01T00:00:00,2024-04-30T00:00:00,Operational/Reporting,Background observation,ppm,UTC,WMO CO2 X2019
7011,SPO,SPO7011,0-20008-0-SPO,South Pole ,-89.99694824,-24.79999924,2841,ANTARCTICA,UNITED STATES,US,GAW Global,fixed station,NOAA,co2,surface,flask,3001,ccgg,1975-01-21T09:00:00,2023-12-31T22:04:00,Operational/Reporting,Background observation,ppm,UTC,WMO CO2 X2019
7011,SPO,SPO7011,0-20008-0-SPO,South Pole ,-89.99694824,-24.79999924,2841,ANTARCTICA,UNITED STATES,US,GAW Global,fixed station,CSIRO,co2,surface,flask,9999,data1,1991-03-01T00:00:00,2023-12-14T22:39:00,Operational/Reporting,Background observation,ppm,UTC,WMO CO2 X2019
8003,,AIA8003,,Aircraft (over Bass Strait and Cape Grim) ,NA,NA,NA,MOBILE,AUSTRALIA,AU,Mobile,mobile platform,CSIRO,co2,aircraft,flask,9999,data1,1991-06-24T00:05:00,2000-09-28T03:14:00,Operational/Reporting,Background observation,ppm,UTC,WMO CO2 X2019
8049,,ALL8049,,"Alligator liberty, M/V ",NA,NA,NA,MOBILE,JAPAN,JP,Mobile,mobile platform,JMA,co2,ship,insitu,1001,air-sampling,1999-01-24T17:43:00,2000-10-24T14:41:00,Terminated,Background observation,ppm,UTC+09:00,WMO CO2 X2007
8049,,ALL8049,,"Alligator liberty, M/V ",NA,NA,NA,MOBILE,JAPAN,JP,Mobile,mobile platform,JMA,co2,ship,insitu,1002,sea-sampling,1999-01-24T18:07:00,2000-10-24T14:35:00,Terminated,Background observation,ppm,UTC+09:00,WMO CO2 X2007
8002,,AOA8002,,Aircraft (Western North Pacific) ,NA,NA,NA,MOBILE,JAPAN,JP,Mobile,mobile platform,JMA,co2,aircraft,flask,9999,data1,2011-02-16T11:14:00,2024-03-21T14:41:00,Operational/Reporting,Background observation,ppm,UTC+09:00,WMO CO2 X2019
8018,,AOC8018,,Atlantic Ocean ,NA,NA,NA,MOBILE,UNITED STATES,US,Mobile,mobile platform,NOAA,co2,ship,flask,3001,ccgg,2004-05-14T16:35:00,2005-02-21T10:00:00,Operational/Reporting,Background observation,ppm,UTC,WMO CO2 X2019
8044,,DRP8044,,Drake Passage ,NA,NA,NA,MOBILE,UNITED STATES,US,Mobile,mobile platform,NOAA,co2,ship,flask,3001,ccgg,2003-04-07T13:54:00,2023-12-22T23:27:00,Operational/Reporting,Background observation,ppm,UTC,WMO CO2 X2019
8007,,EOM8007,,CONTRAIL ,NA,NA,NA,MOBILE,JAPAN,JP,Mobile,mobile platform,NIES,co2,aircraft,insitu,9999,data1,2005-11-05T02:22:59,2022-12-31T13:19:34,Operational/Reporting,Background observation,ppm,UTC,NIES09
8007,,EOM8007,,CONTRAIL ,NA,NA,NA,MOBILE,JAPAN,JP,Mobile,mobile platform,NIES,co2,aircraft,flask,9999,data1,1993-04-23T00:42:42,2022-12-14T05:35:00,Operational/Reporting,Background observation,ppm,UTC,NIES09
8030,,HKH8030,,"MRI Research, Hakuho Maru, R/V ",NA,NA,NA,MOBILE,JAPAN,JP,Mobile,mobile platform,MRI,co2,ship,insitu,1001,air-sampling,1968-11-16T14:00:00,1995-02-13T01:28:00,Temporarily suspended,Unknown,ppm,Unknown,MRI-87
8030,,HKH8030,,"MRI Research, Hakuho Maru, R/V ",NA,NA,NA,MOBILE,JAPAN,JP,Mobile,mobile platform,MRI,co2,ship,insitu,1002,sea-sampling,1968-11-16T14:00:00,1995-02-13T01:28:00,Temporarily suspended,Unknown,ppm,Unknown,MRI-87
8005,,INS8005,,INSTAC ,NA,NA,NA,MOBILE,JAPAN,JP,Mobile,mobile platform,MRI,co2,aircraft,flask,9999,data1,1989-03-05T05:50:00,1989-03-08T06:46:00,Temporarily suspended,Unknown,ppm,Unknown,MRI-87
8040,,KEF8040,,"Keifu Maru, R/V ",NA,NA,NA,MOBILE,JAPAN,JP,Mobile,mobile platform,JMA,co2,ship,insitu,1001,air-sampling,2001-01-20T16:36:00,2024-03-11T16:52:00,Operational/Reporting,Background observation,ppm,UTC+09:00,WMO CO2 X2019
8040,,KEF8040,,"Keifu Maru, R/V ",NA,NA,NA,MOBILE,JAPAN,JP,Mobile,mobile platform,JMA,co2,ship,insitu,1002,sea-sampling,2001-01-20T16:48:00,2024-03-11T17:02:00,Operational/Reporting,Background observation,ppm,UTC+09:00,WMO CO2 X2019
8017,,KIY8017,,"MRI Research, Kaiyo Maru, R/V ",NA,NA,NA,MOBILE,JAPAN,JP,Mobile,mobile platform,MRI,co2,ship,insitu,1001,air-sampling,1987-10-28T15:00:00,1987-12-05T22:00:00,Temporarily suspended,Unknown,ppm,Unknown,MRI-87
8017,,KIY8017,,"MRI Research, Kaiyo Maru, R/V ",NA,NA,NA,MOBILE,JAPAN,JP,Mobile,mobile platform,MRI,co2,ship,insitu,1002,sea-sampling,1987-10-28T15:00:00,1987-12-05T22:00:00,Temporarily suspended,Unknown,ppm,Unknown,MRI-87
8008,,KOF8008,,"Kofu Maru, R/V ",NA,NA,NA,MOBILE,JAPAN,JP,Mobile,mobile platform,JMA,co2,ship,insitu,1001,air-sampling,1998-04-29T10:18:00,2002-05-16T11:46:00,Terminated,Background observation,ppm,UTC+09:00,WMO CO2 X2007
8008,,KOF8008,,"Kofu Maru, R/V ",NA,NA,NA,MOBILE,JAPAN,JP,Mobile,mobile platform,JMA,co2,ship,insitu,1002,sea-sampling,1998-04-29T10:42:00,2002-05-16T12:17:00,Terminated,Background observation,ppm,UTC+09:00,WMO CO2 X2007
8009,,MMR8009,,"Mirai, R/V ",NA,NA,NA,MOBILE,JAPAN,JP,Mobile,mobile platform,MRI,co2,ship,insitu,1001,air-sampling,1998-01-31T20:33:00,1999-01-30T10:00:00,Temporarily suspended,Unknown,ppm,Unknown,MRI-87
8009,,MMR8009,,"Mirai, R/V ",NA,NA,NA,MOBILE,JAPAN,JP,Mobile,mobile platform,MRI,co2,ship,insitu,1002,sea-sampling,1998-01-31T20:33:00,1999-01-30T10:00:00,Temporarily suspended,Unknown,ppm,Unknown,MRI-87
8009,,MMR8009,,"Mirai, R/V ",NA,NA,NA,MOBILE,JAPAN,JP,Mobile,mobile platform,JAMSTEC,co2,ship,insitu,9999,data1,2016-12-28T19:38:39,2023-11-05T20:48:05,Temporarily suspended,Background observation,ppm,UTC,WMO CO2 X2007
8028,,NTU8028,,"MRI Research, Natushima, R/V ",NA,NA,NA,MOBILE,JAPAN,JP,Mobile,mobile platform,MRI,co2,ship,insitu,1001,air-sampling,1987-01-24T10:00:00,1989-02-11T13:00:00,Temporarily suspended,Unknown,ppm,Unknown,MRI-87
8028,,NTU8028,,"MRI Research, Natushima, R/V ",NA,NA,NA,MOBILE,JAPAN,JP,Mobile,mobile platform,MRI,co2,ship,insitu,1002,sea-sampling,1987-01-24T10:00:00,1989-02-11T13:00:00,Temporarily suspended,Unknown,ppm,Unknown,MRI-87
8047,,ORL8047,,Aircraft: Orleans ,NA,NA,NA,MOBILE,FRANCE,FR,Mobile,mobile platform,LSCE,co2,aircraft,flask,9999,data1,1996-04-03T16:30:00,2009-02-19T14:20:00,Temporarily suspended,Unknown,ppm,UTC,WMO CO2 X2001
8045,,PAO8045,,Pacific-Atlantic Ocean ,NA,NA,NA,MOBILE,UNITED STATES,US,Mobile,mobile platform,NOAA,co2,ship,flask,3001,ccgg,2006-03-08T19:20:00,2006-10-03T15:36:00,Operational/Reporting,Background observation,ppm,UTC,WMO CO2 X2019
8034,POC,POC8034,0-20008-0-POC,Pacific Ocean ,NA,NA,NA,MOBILE,UNITED STATES,US,Mobile,mobile platform,NOAA,co2,ship,flask,3001,ccgg,1986-12-01T00:00:00,2017-07-16T02:20:00,Operational/Reporting,Background observation,ppm,UTC,WMO CO2 X2019
8035,,RFM8035,,"MRI Research, Ryofu Maru, R/V ",NA,NA,NA,MOBILE,JAPAN,JP,Mobile,mobile platform,MRI,co2,ship,insitu,1001,air-sampling,1981-01-20T09:00:00,1989-02-06T02:00:00,Temporarily suspended,Unknown,ppm,Unknown,MRI-87
8035,,RFM8035,,"MRI Research, Ryofu Maru, R/V ",NA,NA,NA,MOBILE,JAPAN,JP,Mobile,mobile platform,MRI,co2,ship,insitu,1002,sea-sampling,1981-01-20T09:00:00,1989-02-06T02:00:00,Temporarily suspended,Unknown,ppm,Unknown,MRI-87
8010,RYF,RYF8010,0-20008-0-RYF,"Ryofu Maru, R/V ",NA,NA,NA,MOBILE,JAPAN,JP,Mobile,mobile platform,JMA,co2,ship,insitu,1001,air-sampling,1989-11-17T09:00:00,2023-09-16T08:52:00,Operational/Reporting,Background observation,ppm,UTC+09:00,WMO CO2 X2019
8010,RYF,RYF8010,0-20008-0-RYF,"Ryofu Maru, R/V ",NA,NA,NA,MOBILE,JAPAN,JP,Mobile,mobile platform,JMA,co2,ship,insitu,1002,sea-sampling,1989-11-17T09:00:00,2023-09-16T09:02:00,Operational/Reporting,Background observation,ppm,UTC+09:00,WMO CO2 X2019
8004,,SAN8004,,Santarem ,NA,NA,NA,MOBILE,BRAZIL,BR,Mobile,mobile platform,INPE,co2,aircraft,flask,9999,data1,2007-02-13T17:23:00,2009-12-31T16:02:00,Temporarily suspended,Unknown,ppm,UTC,
8038,,SCS8038,,South China Sea ,NA,NA,NA,MOBILE,UNITED STATES,US,Mobile,mobile platform,NOAA,co2,ship,flask,3001,ccgg,1991-07-01T00:00:00,1998-10-15T05:40:00,Operational/Reporting,Background observation,ppm,UTC,WMO CO2 X2019
8048,,SIH8048,,Ship between Ishigaki Island and Hateruma Island ,NA,NA,NA,MOBILE,JAPAN,JP,Mobile,mobile platform,TU,co2,ship,flask,9999,data1,1993-07-08T10:55:00,2005-04-21T10:55:00,Terminated,Background observation,ppm,UTC+09:00,Tohoku University 2010
8039,,SOY8039,,"Soyo Maru, R/V ",NA,NA,NA,MOBILE,JAPAN,JP,Mobile,mobile platform,FRA,co2,ship,insitu,1002,sea-sampling,1997-01-13T00:00:00,1999-11-23T03:27:00,Temporarily suspended,Unknown,Unknown,UTC+09:00,
8046,,WAK8046,,Wakataka-Maru ,NA,NA,NA,MOBILE,JAPAN,JP,Mobile,mobile platform,FRA,co2,ship,insitu,1002,sea-sampling,2000-08-23T12:26:00,2001-02-02T20:59:00,Temporarily suspended,Unknown,Unknown,UTC+09:00,
8032,,WLT8032,,"MRI Research, Wellington Maru, R/V ",NA,NA,NA,MOBILE,JAPAN,JP,Mobile,mobile platform,MRI,co2,ship,insitu,1001,air-sampling,1988-11-04T18:00:00,1988-11-14T00:00:00,Temporarily suspended,Unknown,ppm,Unknown,MRI-87
8032,,WLT8032,,"MRI Research, Wellington Maru, R/V ",NA,NA,NA,MOBILE,JAPAN,JP,Mobile,mobile platform,MRI,co2,ship,insitu,1002,sea-sampling,1988-11-04T18:00:00,1988-11-14T00:00:00,Temporarily suspended,Unknown,ppm,Unknown,MRI-87
8029,,WPC8029,,Western Pacific ,NA,NA,NA,MOBILE,UNITED STATES,US,Mobile,mobile platform,NOAA,co2,ship,flask,3001,ccgg,2004-05-05T23:27:00,2013-06-01T23:26:00,Operational/Reporting,Background observation,ppm,UTC,WMO CO2 X2019
